,Air_Quality(PPM),Humidit,Temperature(C),Location
0,21.79,62.5,27.6,Konnagar
1,19.06,62.5,27.6,Konnagar
2,18.21,62.4,27.6,Konnagar
3,18.21,62.3,27.6,Konnagar
4,18.21,62.3,27.6,Konnagar
5,18.21,62.4,27.6,Konnagar
6,19.06,62.4,27.6,Konnagar
7,18.21,62.5,27.6,Konnagar
8,18.21,62.4,27.5,Konnagar
9,19.06,62.5,27.5,Konnagar
10,19.06,62.5,27.5,Konnagar
11,18.21,62.4,27.5,Konnagar
12,18.21,62.6,27.5,Konnagar
13,19.06,62.5,27.5,Konnagar
14,19.06,62.6,27.5,Konnagar
15,19.06,62.8,27.4,Konnagar
16,19.06,62.7,27.4,Konnagar
17,19.06,62.7,27.4,Konnagar
18,19.06,62.6,27.5,Konnagar
19,19.06,62.5,27.5,Konnagar
20,19.06,62.7,27.5,Konnagar
21,19.06,62.7,27.5,Konnagar
22,19.06,62.6,27.5,Konnagar
23,19.06,62.5,27.5,Konnagar
24,19.06,62.4,27.4,Konnagar
25,19.06,62.4,27.4,Konnagar
26,19.94,62.5,27.4,Konnagar
27,19.94,62.5,27.4,Konnagar
28,19.94,62.6,27.5,Konnagar
29,19.94,62.4,27.5,Konnagar
30,19.94,62.3,27.5,Konnagar
31,19.94,62.3,27.5,Konnagar
32,19.94,62.3,27.5,Konnagar
33,20.85,62.2,27.5,Konnagar
34,20.85,62.3,27.5,Konnagar
35,20.85,62.4,27.4,Konnagar
36,20.85,62.3,27.4,Konnagar
37,20.85,62.3,27.4,Konnagar
38,20.85,62.3,27.5,Konnagar
39,20.85,62.3,27.5,Konnagar
40,21.79,62.3,27.5,Konnagar
41,21.79,62.3,27.5,Konnagar
42,21.79,62.4,27.5,Konnagar
43,21.79,62.2,27.5,Konnagar
44,21.79,62.3,27.5,Konnagar
45,21.79,62.3,27.5,Konnagar
46,21.79,62.3,27.5,Konnagar
47,22.75,62.5,27.5,Konnagar
48,22.75,62.3,27.5,Konnagar
49,22.75,62.3,27.5,Konnagar
50,22.75,62.3,27.5,Konnagar
51,22.75,62.4,27.5,Konnagar
52,22.75,62.3,27.5,Konnagar
53,22.75,62.4,27.5,Konnagar
54,22.75,62.3,27.5,Konnagar
55,22.75,62.4,27.5,Konnagar
56,22.75,62.4,27.5,Konnagar
57,22.75,62.4,27.5,Konnagar
58,22.75,62.3,27.5,Konnagar
59,22.75,62.3,27.6,Konnagar
60,22.75,62.4,27.6,Konnagar
61,22.75,62.5,27.6,Konnagar
62,22.75,62.4,27.6,Konnagar
63,23.74,62.4,27.6,Konnagar
64,23.74,62.4,27.5,Konnagar
65,23.74,62.3,27.5,Konnagar
66,23.74,62.4,27.5,Konnagar
67,24.77,62.3,27.5,Konnagar
68,24.77,62.4,27.5,Konnagar
69,25.82,62.4,27.5,Konnagar
70,25.82,62.5,27.5,Konnagar
71,24.77,62.5,27.4,Konnagar
72,24.77,62.4,27.4,Konnagar
73,23.74,62.4,27.4,Konnagar
74,24.77,62.4,27.4,Konnagar
75,24.77,62.6,27.4,Konnagar
76,24.77,62.6,27.4,Konnagar
77,24.77,62.6,27.4,Konnagar
78,24.77,62.6,27.4,Konnagar
79,23.74,62.6,27.4,Konnagar
80,23.74,62.6,27.4,Konnagar
81,23.74,62.6,27.4,Konnagar
82,23.74,62.7,27.4,Konnagar
83,23.74,62.7,27.4,Konnagar
84,23.74,62.7,27.4,Konnagar
85,23.74,62.8,27.4,Konnagar
86,23.74,62.7,27.4,Konnagar
87,23.74,62.8,27.4,Konnagar
88,23.74,62.8,27.4,Konnagar
89,23.74,62.8,27.4,Konnagar
90,23.74,62.9,27.4,Konnagar
91,23.74,62.8,27.4,Konnagar
92,23.74,62.8,27.4,Konnagar
93,23.74,62.7,27.4,Konnagar
94,24.77,62.7,27.4,Konnagar
95,24.77,62.7,27.4,Konnagar
96,24.77,62.8,27.4,Konnagar
97,24.77,62.9,27.4,Konnagar
98,24.77,62.8,27.4,Konnagar
99,25.82,62.6,27.5,Konnagar
100,24.77,62.4,27.5,Konnagar
101,24.77,62.6,27.5,Konnagar
102,24.77,62.7,27.5,Konnagar
103,24.77,62.9,27.5,Konnagar
104,23.74,63.0,27.5,Konnagar
105,24.77,63.0,27.5,Konnagar
106,24.77,62.9,27.5,Konnagar
107,23.74,62.9,27.5,Konnagar
108,24.77,63.0,27.5,Konnagar
109,24.77,63.1,27.4,Konnagar
110,24.77,62.9,27.4,Konnagar
111,25.82,62.7,27.5,Konnagar
112,24.77,62.8,27.5,Konnagar
113,25.82,62.9,27.5,Konnagar
114,24.77,63.0,27.5,Konnagar
115,24.77,63.1,27.4,Konnagar
116,24.77,63.1,27.4,Konnagar
117,24.77,63.0,27.4,Konnagar
118,24.77,62.9,27.5,Konnagar
119,24.77,63.0,27.4,Konnagar
120,24.77,63.1,27.4,Konnagar
121,24.77,63.1,27.4,Konnagar
122,25.82,63.0,27.4,Konnagar
123,25.82,62.9,27.5,Konnagar
124,25.82,62.7,27.5,Konnagar
125,25.82,62.7,27.5,Konnagar
126,25.82,62.8,27.5,Konnagar
127,25.82,63.0,27.5,Konnagar
128,25.82,63.0,27.5,Konnagar
129,25.82,63.0,27.5,Konnagar
130,26.9,62.8,27.5,Konnagar
131,25.82,62.8,27.5,Konnagar
132,26.9,62.9,27.5,Konnagar
133,26.9,62.8,27.5,Konnagar
134,26.9,63.0,27.5,Konnagar
135,26.9,62.9,27.5,Konnagar
136,26.9,63.0,27.5,Konnagar
137,26.9,63.0,27.5,Konnagar
138,26.9,62.8,27.5,Konnagar
139,28.02,62.8,27.6,Konnagar
140,26.9,62.7,27.6,Konnagar
141,26.9,63.1,27.6,Konnagar
142,26.9,63.2,27.6,Konnagar
143,26.9,63.2,27.5,Konnagar
144,26.9,63.2,27.5,Konnagar
145,28.02,63.2,27.5,Konnagar
146,28.02,63.1,27.5,Konnagar
147,26.9,63.4,27.5,Konnagar
148,26.9,63.3,27.5,Konnagar
149,26.9,63.1,27.5,Konnagar
150,26.9,63.2,27.5,Konnagar
151,26.9,63.3,27.4,Konnagar
152,26.9,63.3,27.4,Konnagar
153,26.9,63.3,27.4,Konnagar
154,26.9,63.4,27.4,Konnagar
155,26.9,63.4,27.4,Konnagar
156,26.9,63.5,27.4,Konnagar
157,26.9,63.4,27.4,Konnagar
158,26.9,63.3,27.4,Konnagar
159,26.9,63.3,27.4,Konnagar
160,26.9,63.3,27.4,Konnagar
161,26.9,63.3,27.4,Konnagar
162,26.9,63.3,27.4,Konnagar
163,26.9,63.3,27.4,Konnagar
164,26.9,63.3,27.4,Konnagar
165,26.9,63.2,27.5,Konnagar
166,26.9,63.2,27.5,Konnagar
167,26.9,63.2,27.5,Konnagar
168,26.9,63.2,27.5,Konnagar
169,28.02,63.2,27.5,Konnagar
170,26.9,63.2,27.5,Konnagar
171,26.9,63.2,27.5,Konnagar
172,26.9,63.2,27.5,Konnagar
173,28.02,63.3,27.5,Konnagar
174,28.02,63.3,27.5,Konnagar
175,26.9,63.2,27.5,Konnagar
176,28.02,63.2,27.5,Konnagar
177,28.02,63.3,27.5,Konnagar
178,28.02,63.3,27.5,Konnagar
179,28.02,63.3,27.5,Konnagar
180,28.02,63.3,27.5,Konnagar
181,28.02,63.3,27.5,Konnagar
182,28.02,63.4,27.5,Konnagar
183,28.02,63.4,27.5,Konnagar
184,28.02,63.4,27.5,Konnagar
185,28.02,63.4,27.5,Konnagar
186,28.02,63.4,27.5,Konnagar
187,28.02,63.4,27.5,Konnagar
188,29.16,63.4,27.5,Konnagar
189,29.16,63.4,27.5,Konnagar
190,29.16,63.4,27.5,Konnagar
191,29.16,63.4,27.5,Konnagar
192,29.16,63.5,27.5,Konnagar
193,29.16,63.5,27.5,Konnagar
194,29.16,63.5,27.5,Konnagar
195,29.16,63.5,27.5,Konnagar
196,29.16,63.5,27.5,Konnagar
197,29.16,63.5,27.5,Konnagar
198,28.02,63.5,27.5,Konnagar
199,29.16,63.6,27.5,Konnagar
200,29.16,63.7,27.5,Konnagar
201,29.16,63.7,27.5,Konnagar
202,29.16,63.7,27.5,Konnagar
203,29.16,63.7,27.5,Konnagar
204,29.16,63.7,27.5,Konnagar
205,29.16,63.7,27.5,Konnagar
206,29.16,63.7,27.5,Konnagar
207,29.16,63.7,27.5,Konnagar
208,29.16,63.7,27.5,Konnagar
209,29.16,63.9,27.5,Konnagar
210,29.16,63.7,27.5,Konnagar
211,29.16,63.8,27.5,Konnagar
212,29.16,63.7,27.5,Konnagar
213,29.16,63.7,27.5,Konnagar
214,29.16,63.8,27.5,Konnagar
215,29.16,63.7,27.5,Konnagar
216,29.16,63.8,27.5,Konnagar
217,29.16,63.8,27.5,Konnagar
218,29.16,63.8,27.5,Konnagar
219,29.16,63.8,27.5,Konnagar
220,29.16,63.8,27.5,Konnagar
221,29.16,63.8,27.5,Konnagar
222,29.16,63.9,27.5,Konnagar
223,29.16,63.9,27.5,Konnagar
224,29.16,63.9,27.5,Konnagar
225,29.16,63.9,27.5,Konnagar
226,29.16,64.0,27.5,Konnagar
227,29.16,64.0,27.5,Konnagar
228,29.16,64.0,27.5,Konnagar
229,29.16,64.0,27.5,Konnagar
230,29.16,64.1,27.6,Konnagar
231,29.16,64.0,27.6,Konnagar
232,29.16,64.0,27.5,Konnagar
233,30.34,64.0,27.5,Konnagar
234,30.34,63.9,27.5,Konnagar
235,30.34,64.0,27.5,Konnagar
236,30.34,64.1,27.5,Konnagar
237,30.34,64.0,27.5,Konnagar
238,30.34,64.0,27.6,Konnagar
239,30.34,64.0,27.5,Konnagar
240,30.34,64.0,27.5,Konnagar
241,30.34,64.2,27.5,Konnagar
242,30.34,64.2,27.5,Konnagar
243,30.34,64.2,27.5,Konnagar
244,30.34,64.2,27.5,Konnagar
245,30.34,64.1,27.5,Konnagar
246,30.34,64.3,27.5,Konnagar
247,30.34,64.3,27.5,Konnagar
248,30.34,64.4,27.5,Konnagar
249,30.34,64.4,27.5,Konnagar
250,30.34,64.4,27.5,Konnagar
251,30.34,64.5,27.5,Konnagar
252,30.34,64.8,27.5,Konnagar
253,30.34,64.7,27.5,Konnagar
254,30.34,64.7,27.5,Konnagar
255,30.34,64.9,27.5,Konnagar
256,30.34,64.9,27.5,Konnagar
257,30.34,65.2,27.5,Konnagar
258,30.34,65.0,27.5,Konnagar
259,30.34,65.2,27.5,Konnagar
260,30.34,65.3,27.5,Konnagar
261,30.34,65.5,27.5,Konnagar
262,30.34,65.5,27.5,Konnagar
263,30.34,65.6,27.5,Konnagar
264,30.34,65.5,27.5,Konnagar
265,30.34,65.5,27.5,Konnagar
266,30.34,65.5,27.5,Konnagar
267,30.34,65.6,27.5,Konnagar
268,30.34,65.4,27.5,Konnagar
269,30.34,65.8,27.5,Konnagar
270,30.34,65.7,27.5,Konnagar
271,30.34,65.7,27.5,Konnagar
272,30.34,65.8,27.5,Konnagar
273,30.34,65.7,27.5,Konnagar
274,30.34,65.7,27.5,Konnagar
275,30.34,65.7,27.5,Konnagar
276,30.34,65.6,27.5,Konnagar
277,30.34,65.8,27.5,Konnagar
278,30.34,65.7,27.5,Konnagar
279,30.34,65.9,27.5,Konnagar
280,30.34,65.9,27.5,Konnagar
281,30.34,65.9,27.5,Konnagar
282,30.34,66.0,27.5,Konnagar
283,30.34,66.0,27.5,Konnagar
284,30.34,65.9,27.5,Konnagar
285,30.34,65.9,27.5,Konnagar
286,30.34,66.0,27.5,Konnagar
287,30.34,66.0,27.5,Konnagar
288,30.34,65.9,27.5,Konnagar
289,30.34,65.9,27.5,Konnagar
290,30.34,65.9,27.5,Konnagar
291,30.34,65.9,27.5,Konnagar
292,30.34,66.0,27.5,Konnagar
293,30.34,65.9,27.5,Konnagar
294,30.34,66.0,27.5,Konnagar
295,30.34,66.0,27.5,Konnagar
296,30.34,66.0,27.5,Konnagar
297,30.34,66.0,27.5,Konnagar
298,29.16,65.9,27.5,Konnagar
299,29.16,66.2,27.5,Konnagar
300,29.16,66.2,27.5,Konnagar
301,30.34,66.2,27.5,Konnagar
302,30.34,66.2,27.5,Konnagar
303,30.34,66.0,27.5,Konnagar
304,30.34,66.2,27.5,Konnagar
305,30.34,66.1,27.5,Konnagar
306,30.34,66.3,27.5,Konnagar
307,30.34,66.3,27.5,Konnagar
308,29.16,66.2,27.5,Konnagar
309,29.16,66.2,27.5,Konnagar
310,29.16,66.1,27.5,Konnagar
311,29.16,66.1,27.5,Konnagar
312,29.16,66.3,27.4,Konnagar
313,29.16,66.0,27.5,Konnagar
314,28.02,66.2,27.5,Konnagar
315,29.16,66.3,27.5,Konnagar
316,29.16,66.2,27.5,Konnagar
317,29.16,66.3,27.5,Konnagar
318,29.16,66.2,27.5,Konnagar
319,29.16,66.2,27.5,Konnagar
320,29.16,66.3,27.5,Konnagar
321,28.02,66.2,27.5,Konnagar
322,28.02,66.4,27.5,Konnagar
323,28.02,66.3,27.5,Konnagar
324,28.02,66.2,27.5,Konnagar
325,28.02,66.2,27.5,Konnagar
326,28.02,66.3,27.5,Konnagar
327,28.02,66.4,27.4,Konnagar
328,28.02,66.5,27.4,Konnagar
329,28.02,66.5,27.4,Konnagar
330,28.02,66.5,27.4,Konnagar
331,28.02,66.6,27.4,Konnagar
332,28.02,66.5,27.4,Konnagar
333,28.02,66.6,27.4,Konnagar
334,28.02,66.6,27.4,Konnagar
335,28.02,66.6,27.4,Konnagar
336,28.02,66.6,27.4,Konnagar
337,28.02,66.6,27.4,Konnagar
338,28.02,66.6,27.4,Konnagar
339,28.02,66.6,27.4,Konnagar
340,28.02,66.7,27.4,Konnagar
341,28.02,66.6,27.5,Konnagar
342,28.02,66.8,27.4,Konnagar
343,28.02,66.6,27.4,Konnagar
344,28.02,66.6,27.5,Konnagar
345,28.02,66.4,27.5,Konnagar
346,28.02,66.6,27.5,Konnagar
347,28.02,66.7,27.4,Konnagar
348,26.9,66.2,27.5,Konnagar
349,26.9,66.6,27.5,Konnagar
350,26.9,66.7,27.4,Konnagar
351,26.9,66.7,27.4,Konnagar
352,26.9,66.7,27.4,Konnagar
353,26.9,66.7,27.4,Konnagar
354,26.9,66.7,27.4,Konnagar
355,26.9,66.7,27.4,Konnagar
356,26.9,66.7,27.4,Konnagar
357,26.9,66.7,27.4,Konnagar
358,26.9,66.7,27.4,Konnagar
359,26.9,66.7,27.4,Konnagar
360,26.9,66.7,27.4,Konnagar
361,26.9,66.9,27.4,Konnagar
362,26.9,66.9,27.4,Konnagar
363,26.9,66.9,27.4,Konnagar
364,26.9,66.8,27.4,Konnagar
365,26.9,66.9,27.4,Konnagar
366,26.9,66.9,27.4,Konnagar
367,26.9,66.9,27.4,Konnagar
368,26.9,66.9,27.4,Konnagar
369,26.9,67.0,27.4,Konnagar
370,26.9,67.0,27.4,Konnagar
371,25.82,67.0,27.4,Konnagar
372,25.82,67.0,27.4,Konnagar
373,26.9,67.0,27.4,Konnagar
374,25.82,66.9,27.4,Konnagar
375,25.82,67.0,27.4,Konnagar
376,25.82,67.0,27.4,Konnagar
377,25.82,67.1,27.4,Konnagar
378,26.9,67.1,27.4,Konnagar
379,25.82,67.0,27.4,Konnagar
380,26.9,67.2,27.4,Konnagar
381,26.9,67.3,27.4,Konnagar
382,26.9,67.3,27.4,Konnagar
383,26.9,67.1,27.4,Konnagar
384,26.9,67.1,27.3,Konnagar
385,26.9,67.3,27.3,Konnagar
386,26.9,67.4,27.3,Konnagar
387,26.9,67.4,27.3,Konnagar
388,26.9,67.3,27.3,Konnagar
389,26.9,67.3,27.3,Konnagar
390,26.9,67.4,27.3,Konnagar
391,26.9,67.4,27.3,Konnagar
392,26.9,67.3,27.3,Konnagar
393,26.9,67.4,27.3,Konnagar
394,26.9,67.4,27.3,Konnagar
395,26.9,67.5,27.3,Konnagar
396,26.9,67.5,27.3,Konnagar
397,26.9,67.4,27.3,Konnagar
398,26.9,67.4,27.4,Konnagar
399,26.9,67.4,27.3,Konnagar
400,26.9,67.6,27.4,Konnagar
401,26.9,67.5,27.4,Konnagar
402,26.9,67.3,27.3,Konnagar
403,26.9,67.7,27.3,Konnagar
404,25.82,67.7,27.4,Konnagar
405,25.82,67.6,27.4,Konnagar
406,25.82,67.7,27.4,Konnagar
407,25.82,67.7,27.4,Konnagar
408,25.82,67.6,27.4,Konnagar
409,25.82,67.6,27.4,Konnagar
410,25.82,67.6,27.4,Konnagar
411,25.82,67.6,27.4,Konnagar
412,25.82,67.7,27.4,Konnagar
413,25.82,67.7,27.4,Konnagar
414,25.82,67.7,27.3,Konnagar
415,25.82,67.9,27.3,Konnagar
416,25.82,67.9,27.3,Konnagar
417,25.82,67.9,27.3,Konnagar
418,25.82,67.9,27.3,Konnagar
419,25.82,68.0,27.3,Konnagar
420,25.82,68.0,27.3,Konnagar
421,35.39,68.0,27.3,Konnagar
422,35.39,67.6,27.3,Konnagar
423,38.11,68.0,27.3,Konnagar
424,39.53,68.0,27.3,Konnagar
425,39.53,68.0,27.3,Konnagar
426,38.11,67.9,27.3,Konnagar
427,39.53,68.0,27.3,Konnagar
428,38.11,68.1,27.3,Konnagar
429,38.11,68.1,27.3,Konnagar
430,38.11,68.1,27.3,Konnagar
431,38.11,68.1,27.3,Konnagar
432,38.11,68.1,27.3,Konnagar
433,38.11,68.1,27.3,Konnagar
434,36.73,68.1,27.3,Konnagar
435,36.73,68.3,27.3,Konnagar
436,35.39,68.3,27.3,Konnagar
437,35.39,68.3,27.3,Konnagar
438,35.39,68.3,27.3,Konnagar
439,34.07,68.3,27.3,Konnagar
440,34.07,68.3,27.3,Konnagar
441,34.07,68.3,27.3,Konnagar
442,34.07,68.3,27.3,Konnagar
443,34.07,68.4,27.3,Konnagar
444,32.8,68.4,27.3,Konnagar
445,32.8,68.3,27.3,Konnagar
446,32.8,68.3,27.3,Konnagar
447,32.8,68.3,27.3,Konnagar
448,31.55,68.3,27.3,Konnagar
449,38.11,68.4,27.3,Konnagar
450,40.98,68.5,27.4,Konnagar
451,52.22,68.2,27.5,Konnagar
452,48.82,68.1,27.5,Konnagar
453,52.22,68.2,27.5,Konnagar
454,52.22,68.3,27.5,Konnagar
455,55.8,68.3,27.6,Konnagar
456,55.8,68.3,27.6,Konnagar
457,53.99,68.4,27.6,Konnagar
458,50.5,68.4,27.6,Konnagar
459,48.82,68.4,27.6,Konnagar
460,55.8,68.4,27.6,Konnagar
461,52.22,68.4,27.6,Konnagar
462,50.5,68.5,27.6,Konnagar
463,48.82,68.5,27.6,Konnagar
464,53.99,68.5,27.6,Konnagar
465,47.17,68.5,27.6,Konnagar
466,50.5,68.5,27.7,Konnagar
467,50.5,68.5,27.7,Konnagar
468,50.5,68.5,27.6,Konnagar
469,47.17,68.5,27.7,Konnagar
470,52.22,68.6,27.6,Konnagar
471,53.99,68.6,27.7,Konnagar
472,52.22,68.6,27.7,Konnagar
473,52.22,68.6,27.7,Konnagar
474,52.22,68.6,27.7,Konnagar
475,57.64,68.6,27.7,Konnagar
476,40.98,68.6,27.7,Konnagar
477,35.39,68.3,27.7,Konnagar
478,34.07,68.4,27.7,Konnagar
479,32.8,68.4,27.6,Konnagar
480,31.55,68.4,27.6,Konnagar
481,30.34,68.4,27.6,Konnagar
482,29.16,68.5,27.5,Konnagar
483,29.16,68.6,27.5,Konnagar
484,29.16,68.5,27.5,Konnagar
485,29.16,68.5,27.5,Konnagar
486,28.02,68.5,27.5,Konnagar
487,28.02,68.5,27.5,Konnagar
488,28.02,68.5,27.5,Konnagar
489,28.02,68.5,27.5,Konnagar
490,28.02,68.5,27.5,Konnagar
491,28.02,68.6,27.4,Konnagar
492,28.02,68.7,27.4,Konnagar
493,28.02,68.8,27.4,Konnagar
494,28.02,68.9,27.4,Konnagar
495,28.02,68.9,27.4,Konnagar
496,28.02,68.8,27.4,Konnagar
497,28.02,68.8,27.4,Konnagar
498,28.02,68.8,27.4,Konnagar
499,28.02,68.8,27.4,Konnagar
500,28.02,68.9,27.4,Konnagar
501,28.02,69.0,27.4,Konnagar
502,28.02,69.0,27.3,Konnagar
503,28.02,69.0,27.4,Konnagar
504,28.02,69.0,27.4,Konnagar
505,28.02,69.0,27.4,Konnagar
506,28.02,68.8,27.4,Konnagar
507,28.02,68.8,27.4,Konnagar
508,28.02,68.8,27.4,Konnagar
509,28.02,68.7,27.4,Konnagar
510,28.02,68.8,27.4,Konnagar
511,28.02,68.8,27.3,Konnagar
512,28.02,68.9,27.3,Konnagar
513,28.02,68.9,27.3,Konnagar
514,28.02,68.9,27.3,Konnagar
515,28.02,69.0,27.3,Konnagar
516,28.02,68.9,27.4,Konnagar
517,28.02,68.9,27.4,Konnagar
518,28.02,68.9,27.3,Konnagar
519,28.02,68.9,27.4,Konnagar
520,28.02,68.9,27.3,Konnagar
521,28.02,69.0,27.3,Konnagar
522,28.02,69.0,27.3,Konnagar
523,28.02,69.1,27.3,Konnagar
524,28.02,69.1,27.3,Konnagar
525,28.02,69.1,27.3,Konnagar
526,28.02,69.0,27.3,Konnagar
527,28.02,69.1,27.3,Konnagar
528,28.02,69.1,27.3,Konnagar
529,28.02,69.1,27.3,Konnagar
530,28.02,69.0,27.3,Konnagar
531,28.02,69.0,27.3,Konnagar
532,28.02,69.1,27.3,Konnagar
533,28.02,69.0,27.3,Konnagar
534,28.02,69.0,27.3,Konnagar
535,28.02,69.1,27.3,Konnagar
536,28.02,69.1,27.3,Konnagar
537,28.02,69.0,27.3,Konnagar
538,28.02,69.1,27.3,Konnagar
539,28.02,69.1,27.3,Konnagar
540,28.02,69.1,27.3,Konnagar
541,28.02,69.1,27.3,Konnagar
542,28.02,69.2,27.3,Konnagar
543,29.16,69.3,27.3,Konnagar
544,28.02,69.1,27.3,Konnagar
545,28.02,69.2,27.3,Konnagar
546,29.16,69.3,27.3,Konnagar
547,29.16,69.3,27.3,Konnagar
548,29.16,69.5,27.3,Konnagar
549,29.16,69.6,27.3,Konnagar
550,29.16,69.5,27.3,Konnagar
551,29.16,69.4,27.3,Konnagar
552,29.16,69.4,27.3,Konnagar
553,29.16,69.5,27.3,Konnagar
554,29.16,69.4,27.3,Konnagar
555,29.16,69.5,27.3,Konnagar
556,29.16,69.3,27.3,Konnagar
557,29.16,69.4,27.3,Konnagar
558,29.16,69.5,27.3,Konnagar
559,29.16,69.6,27.3,Konnagar
560,30.34,69.7,27.2,Konnagar
561,30.34,69.8,27.2,Konnagar
562,30.34,69.8,27.2,Konnagar
563,29.16,69.6,27.2,Konnagar
564,28.02,69.3,27.3,Konnagar
565,28.02,69.3,27.2,Konnagar
566,26.9,69.3,27.1,Konnagar
567,26.9,69.4,27.0,Konnagar
568,26.9,69.4,27.0,Konnagar
569,26.9,69.6,27.0,Konnagar
570,26.9,69.6,27.0,Konnagar
571,26.9,69.9,26.9,Konnagar
572,26.9,70.1,26.9,Konnagar
573,26.9,70.0,26.8,Konnagar
574,28.02,69.9,26.8,Konnagar
575,28.02,70.0,26.8,Konnagar
576,28.02,70.1,26.8,Konnagar
577,28.02,70.2,26.8,Konnagar
578,28.02,70.1,26.8,Konnagar
579,28.02,70.1,26.8,Konnagar
580,28.02,70.1,26.8,Konnagar
581,28.02,70.1,26.8,Konnagar
582,28.02,70.1,26.8,Konnagar
583,28.02,70.0,26.8,Konnagar
584,28.02,69.9,26.8,Konnagar
585,28.02,70.1,26.8,Konnagar
586,26.9,70.0,26.8,Konnagar
587,26.9,70.4,26.9,Konnagar
588,28.02,70.6,26.9,Konnagar
589,28.02,70.5,27.0,Konnagar
590,28.02,70.4,27.0,Konnagar
591,28.02,70.5,27.0,Konnagar
592,28.02,70.4,27.0,Konnagar
593,28.02,70.4,27.0,Konnagar
594,26.9,70.3,27.1,Konnagar
595,28.02,70.2,27.0,Konnagar
596,26.9,70.3,27.1,Konnagar
597,26.9,70.2,27.0,Konnagar
598,26.9,70.3,27.1,Konnagar
599,26.9,70.3,27.1,Konnagar
600,26.9,70.3,27.1,Konnagar
601,26.9,70.4,27.0,Konnagar
602,26.9,70.3,27.0,Konnagar
603,26.9,70.4,27.0,Konnagar
604,26.9,70.4,27.0,Konnagar
605,26.9,70.3,27.0,Konnagar
606,26.9,70.3,27.1,Konnagar
607,26.9,70.3,27.0,Konnagar
608,26.9,70.3,27.0,Konnagar
609,26.9,70.2,27.1,Konnagar
610,26.9,70.3,27.1,Konnagar
611,26.9,70.2,27.1,Konnagar
612,26.9,70.2,27.1,Konnagar
613,25.82,70.2,27.1,Konnagar
614,25.82,70.3,27.1,Konnagar
615,26.9,70.3,27.1,Konnagar
616,26.9,69.9,27.1,Konnagar
617,26.9,69.7,27.2,Konnagar
618,26.9,69.8,27.2,Konnagar
619,26.9,70.0,27.2,Konnagar
620,26.9,70.0,27.2,Konnagar
621,26.9,70.0,27.2,Konnagar
0,150.27,54.1,25.4,Liluah
1,142.97,56.5,25.5,Liluah
2,139.42,57.4,25.5,Liluah
3,135.94,56.6,25.5,Liluah
4,139.42,57.4,25.5,Liluah
5,113.27,58.3,25.5,Liluah
6,154.02,57.2,25.5,Liluah
7,139.42,57.9,25.4,Liluah
8,135.94,57.9,25.2,Liluah
9,132.51,58.4,25.0,Liluah
10,129.15,58.2,24.9,Liluah
11,129.15,57.6,24.8,Liluah
12,129.15,57.5,24.8,Liluah
13,132.51,57.7,24.8,Liluah
14,129.15,57.9,24.7,Liluah
15,122.62,57.5,24.7,Liluah
16,119.44,57.2,24.7,Liluah
17,113.27,56.5,24.6,Liluah
18,116.33,55.8,24.6,Liluah
19,119.44,56.1,24.6,Liluah
20,119.44,56.8,24.6,Liluah
21,116.33,57.0,24.6,Liluah
22,116.33,57.0,24.7,Liluah
23,113.27,56.9,24.7,Liluah
24,107.33,56.1,24.7,Liluah
25,104.45,55.5,24.7,Liluah
26,96.13,55.6,24.7,Liluah
27,93.47,54.2,24.6,Liluah
28,93.47,53.4,24.6,Liluah
29,93.47,53.4,24.5,Liluah
30,96.13,53.5,24.5,Liluah
31,122.62,53.2,24.6,Liluah
32,132.51,53.4,24.6,Liluah
33,122.62,53.4,24.7,Liluah
34,104.45,53.5,24.6,Liluah
35,110.27,53.4,24.7,Liluah
36,110.27,53.5,24.7,Liluah
37,113.27,53.5,24.7,Liluah
38,113.27,53.8,24.7,Liluah
39,116.33,53.8,24.7,Liluah
40,119.44,54.2,24.7,Liluah
41,119.44,54.5,24.7,Liluah
42,119.44,54.9,24.7,Liluah
43,119.44,55.0,24.7,Liluah
44,122.62,55.1,24.7,Liluah
45,125.86,55.4,24.7,Liluah
46,125.86,55.7,24.7,Liluah
47,125.86,55.5,24.7,Liluah
48,129.15,55.7,24.7,Liluah
49,129.15,55.6,24.7,Liluah
50,132.51,55.4,24.7,Liluah
51,132.51,55.6,24.7,Liluah
52,132.51,55.4,24.7,Liluah
53,129.15,55.1,24.7,Liluah
54,135.94,55.3,24.7,Liluah
55,139.42,55.2,24.7,Liluah
56,146.59,55.6,24.7,Liluah
57,142.97,55.6,24.7,Liluah
58,173.8,53.6,24.7,Liluah
59,182.21,52.3,24.5,Liluah
60,199.93,52.0,24.6,Liluah
61,195.38,51.8,24.5,Liluah
62,199.93,50.6,24.5,Liluah
63,204.55,49.5,24.5,Liluah
64,209.25,49.4,24.5,Liluah
65,214.02,49.1,24.5,Liluah
66,218.88,49.2,24.5,Liluah
67,228.84,49.4,24.5,Liluah
68,228.84,50.2,24.5,Liluah
69,249.77,50.3,24.5,Liluah
70,308.32,50.4,24.6,Liluah
71,327.74,50.7,24.5,Liluah
73,302.05,51.0,24.6,Liluah
74,289.78,51.2,24.6,Liluah
75,314.7,51.1,24.6,Liluah
76,327.74,51.1,24.6,Liluah
77,321.17,51.2,24.6,Liluah
78,327.74,51.3,24.6,Liluah
79,321.17,51.7,24.6,Liluah
80,348.07,52.0,24.6,Liluah
81,391.58,52.1,24.6,Liluah
91,399.21,53.9,24.7,Liluah
94,376.64,54.6,24.7,Liluah
95,391.58,54.7,24.7,Liluah
96,391.58,54.8,24.7,Liluah
97,384.05,54.9,24.6,Liluah
98,355.05,55.1,24.7,Liluah
99,384.05,55.4,24.7,Liluah
100,391.58,55.5,24.7,Liluah
101,391.58,55.7,24.7,Liluah
140,391.58,60.7,24.7,Liluah
151,376.64,60.6,24.6,Liluah
153,399.21,60.6,24.6,Liluah
254,391.58,58.2,24.5,Liluah
255,369.34,58.2,24.5,Liluah
256,355.05,58.2,24.5,Liluah
257,348.07,58.3,24.5,Liluah
258,348.07,58.3,24.5,Liluah
259,341.19,58.2,24.5,Liluah
260,334.42,58.3,24.5,Liluah
261,334.42,58.3,24.5,Liluah
262,334.42,58.3,24.5,Liluah
263,334.42,58.3,24.5,Liluah
264,334.42,58.5,24.5,Liluah
265,334.42,58.3,24.5,Liluah
266,334.42,58.4,24.5,Liluah
267,334.42,58.4,24.5,Liluah
268,334.42,58.4,24.5,Liluah
269,334.42,58.4,24.5,Liluah
270,341.19,58.5,24.5,Liluah
271,341.19,58.5,24.6,Liluah
272,341.19,58.4,24.6,Liluah
273,348.07,58.5,24.6,Liluah
274,348.07,58.5,24.6,Liluah
275,348.07,58.5,24.6,Liluah
276,355.05,58.5,24.6,Liluah
277,355.05,58.5,24.6,Liluah
278,362.14,58.6,24.6,Liluah
279,362.14,58.6,24.6,Liluah
280,362.14,58.6,24.6,Liluah
281,362.14,58.7,24.6,Liluah
282,369.34,58.6,24.6,Liluah
283,369.34,58.6,24.6,Liluah
284,376.64,58.6,24.6,Liluah
285,384.05,58.7,24.6,Liluah
286,384.05,58.6,24.6,Liluah
287,384.05,58.6,24.6,Liluah
288,384.05,58.6,24.6,Liluah
289,399.21,58.6,24.6,Liluah
292,169.7,58.8,24.6,Liluah
293,157.84,59.4,24.7,Liluah
294,146.59,58.6,24.8,Liluah
295,139.42,58.5,24.8,Liluah
296,139.42,58.6,24.8,Liluah
297,139.42,58.7,24.8,Liluah
298,146.59,58.6,24.7,Liluah
299,150.27,58.6,24.7,Liluah
300,157.84,58.5,24.8,Liluah
301,154.02,58.8,24.7,Liluah
302,154.02,58.8,24.7,Liluah
303,154.02,58.8,24.7,Liluah
304,150.27,58.8,24.7,Liluah
305,150.27,58.9,24.7,Liluah
306,150.27,58.9,24.7,Liluah
307,146.59,59.0,24.7,Liluah
308,154.02,59.0,24.7,Liluah
309,150.27,59.0,24.7,Liluah
310,142.97,59.0,24.7,Liluah
311,142.97,59.1,24.7,Liluah
312,146.59,59.1,24.7,Liluah
313,142.97,59.1,24.7,Liluah
314,142.97,59.1,24.7,Liluah
315,135.94,59.1,24.7,Liluah
316,135.94,59.2,24.7,Liluah
317,142.97,59.2,24.7,Liluah
318,139.42,59.2,24.7,Liluah
319,129.15,59.2,24.7,Liluah
320,122.62,59.3,24.7,Liluah
321,132.51,59.3,24.7,Liluah
322,132.51,59.3,24.7,Liluah
323,132.51,59.3,24.7,Liluah
324,125.86,59.4,24.7,Liluah
325,132.51,59.4,24.7,Liluah
326,132.51,59.4,24.7,Liluah
327,139.42,59.4,24.7,Liluah
328,139.42,59.4,24.7,Liluah
329,146.59,59.3,24.7,Liluah
330,161.72,59.4,24.7,Liluah
331,154.02,59.4,24.6,Liluah
332,157.84,59.7,24.7,Liluah
333,150.27,59.9,24.7,Liluah
334,150.27,59.9,24.7,Liluah
335,154.02,59.8,24.8,Liluah
336,150.27,60.2,24.8,Liluah
337,139.42,60.3,24.8,Liluah
338,142.97,60.3,24.7,Liluah
339,142.97,60.7,24.8,Liluah
340,157.84,60.3,24.8,Liluah
341,157.84,60.5,24.8,Liluah
342,157.84,60.8,24.8,Liluah
343,161.72,60.7,24.8,Liluah
344,157.84,61.1,24.8,Liluah
345,157.84,60.9,24.8,Liluah
346,150.27,61.2,24.8,Liluah
347,154.02,61.3,24.8,Liluah
348,165.68,61.4,24.8,Liluah
349,169.7,61.4,24.8,Liluah
350,154.02,61.5,24.8,Liluah
351,157.84,61.7,24.8,Liluah
352,139.42,61.6,24.7,Liluah
353,161.72,61.5,24.7,Liluah
354,169.7,62.1,24.7,Liluah
355,157.84,61.4,24.7,Liluah
356,177.97,61.2,24.7,Liluah
357,190.92,61.8,24.8,Liluah
358,186.53,61.4,24.8,Liluah
359,199.93,61.5,24.8,Liluah
360,182.21,61.5,24.8,Liluah
361,204.55,61.3,24.8,Liluah
362,244.41,61.3,24.8,Liluah
363,239.14,61.5,24.8,Liluah
364,233.95,61.6,24.8,Liluah
365,199.93,61.6,24.8,Liluah
366,209.25,61.8,24.8,Liluah
367,218.88,62.1,24.8,Liluah
368,177.97,62.2,24.8,Liluah
369,204.55,62.0,24.8,Liluah
370,161.72,61.9,24.8,Liluah
371,169.7,61.8,24.8,Liluah
372,214.02,62.0,24.8,Liluah
373,228.84,62.4,24.8,Liluah
374,177.97,62.2,24.8,Liluah
375,173.8,62.0,24.9,Liluah
376,169.7,61.9,24.8,Liluah
377,228.84,62.0,24.8,Liluah
378,233.95,62.1,24.8,Liluah
379,244.41,62.2,24.9,Liluah
380,249.77,62.0,24.9,Liluah
381,239.14,61.8,24.9,Liluah
382,260.75,62.0,24.8,Liluah
383,233.95,61.9,24.9,Liluah
384,190.92,61.9,24.9,Liluah
385,195.38,62.2,24.8,Liluah
386,190.92,62.0,24.8,Liluah
387,228.84,62.2,24.8,Liluah
388,195.38,62.7,24.9,Liluah
389,214.02,63.1,24.8,Liluah
390,228.84,62.9,24.8,Liluah
391,249.77,63.4,24.8,Liluah
392,277.89,63.3,24.9,Liluah
393,289.78,63.9,24.9,Liluah
394,199.93,63.5,24.9,Liluah
395,204.55,63.8,24.9,Liluah
396,186.53,63.8,24.9,Liluah
397,173.8,63.9,24.9,Liluah
398,173.8,64.5,24.9,Liluah
399,177.97,64.3,24.9,Liluah
400,199.93,64.6,24.9,Liluah
401,228.84,64.3,24.9,Liluah
402,223.82,64.3,24.9,Liluah
403,218.88,64.3,24.9,Liluah
404,277.89,64.4,24.9,Liluah
405,239.14,64.8,24.9,Liluah
406,214.02,64.7,24.8,Liluah
407,223.82,63.8,24.8,Liluah
408,173.8,64.3,24.8,Liluah
409,214.02,64.4,24.8,Liluah
410,209.25,64.7,24.8,Liluah
411,214.02,64.4,24.8,Liluah
412,255.22,64.9,24.8,Liluah
413,244.41,64.9,24.8,Liluah
414,218.88,64.9,24.8,Liluah
415,228.84,64.7,24.8,Liluah
416,218.88,64.8,24.8,Liluah
417,209.25,64.8,24.8,Liluah
418,214.02,64.5,24.8,Liluah
419,228.84,64.8,24.8,Liluah
420,228.84,64.2,24.8,Liluah
421,223.82,64.3,24.8,Liluah
422,209.25,64.1,24.8,Liluah
423,195.38,64.4,24.9,Liluah
424,209.25,64.3,24.8,Liluah
425,209.25,64.1,24.9,Liluah
426,239.14,64.0,24.9,Liluah
427,218.88,64.0,24.9,Liluah
428,214.02,64.0,24.9,Liluah
429,209.25,64.0,24.9,Liluah
430,209.25,64.1,24.9,Liluah
431,199.93,64.1,24.9,Liluah
432,209.25,64.9,24.9,Liluah
433,228.84,64.2,24.9,Liluah
434,209.25,64.5,24.9,Liluah
435,228.84,64.2,24.9,Liluah
436,218.88,63.8,24.9,Liluah
437,228.84,63.8,24.8,Liluah
438,266.37,63.7,24.8,Liluah
439,239.14,64.4,24.9,Liluah
440,244.41,64.0,24.8,Liluah
441,218.88,64.3,24.9,Liluah
442,218.88,64.4,24.9,Liluah
443,218.88,64.1,24.9,Liluah
444,204.55,63.7,24.9,Liluah
445,199.93,63.7,24.9,Liluah
446,204.55,63.8,24.9,Liluah
447,204.55,64.1,24.9,Liluah
448,209.25,63.7,24.9,Liluah
449,218.88,63.5,24.9,Liluah
450,233.95,63.7,24.9,Liluah
451,308.32,63.6,24.9,Liluah
452,239.14,63.6,24.9,Liluah
453,218.88,63.7,24.9,Liluah
454,233.95,63.6,24.9,Liluah
455,223.82,63.5,24.9,Liluah
456,223.82,63.1,24.9,Liluah
457,223.82,63.5,24.9,Liluah
458,228.84,63.1,24.9,Liluah
459,239.14,63.6,24.9,Liluah
460,223.82,63.7,24.9,Liluah
461,223.82,63.6,24.9,Liluah
462,218.88,63.4,24.9,Liluah
463,218.88,63.3,24.9,Liluah
464,209.25,63.3,24.9,Liluah
465,209.25,63.3,24.9,Liluah
466,209.25,63.4,24.9,Liluah
467,204.55,63.5,24.9,Liluah
468,204.55,63.5,24.9,Liluah
469,204.55,63.4,24.9,Liluah
470,218.88,63.2,24.9,Liluah
471,209.25,63.2,24.8,Liluah
472,209.25,63.2,24.9,Liluah
473,209.25,63.2,24.9,Liluah
474,182.21,63.4,24.9,Liluah
475,173.8,63.6,24.9,Liluah
476,182.21,63.4,24.9,Liluah
477,190.92,63.4,24.9,Liluah
478,182.21,63.4,24.9,Liluah
479,190.92,63.4,24.9,Liluah
480,177.97,63.5,24.9,Liluah
481,169.7,63.3,24.9,Liluah
482,165.68,63.3,24.9,Liluah
483,169.7,63.2,24.9,Liluah
484,150.27,63.3,24.9,Liluah
485,150.27,63.3,24.9,Liluah
486,146.59,63.3,24.9,Liluah
487,150.27,63.3,24.9,Liluah
488,150.27,63.3,24.9,Liluah
489,150.27,63.3,24.9,Liluah
490,146.59,63.2,24.9,Liluah
491,150.27,63.1,24.9,Liluah
492,150.27,63.0,24.9,Liluah
493,150.27,63.1,24.9,Liluah
494,150.27,63.2,24.9,Liluah
495,150.27,63.2,24.9,Liluah
496,150.27,63.2,24.9,Liluah
497,150.27,63.1,24.9,Liluah
498,150.27,63.3,24.9,Liluah
499,154.02,63.3,24.9,Liluah
500,165.68,63.1,24.8,Liluah
501,161.72,63.1,24.9,Liluah
502,169.7,63.1,24.8,Liluah
503,173.8,63.2,24.8,Liluah
504,165.68,63.3,24.9,Liluah
505,161.72,63.3,24.8,Liluah
506,165.68,63.3,24.9,Liluah
507,154.02,63.3,24.8,Liluah
508,150.27,63.2,24.8,Liluah
509,161.72,63.3,24.9,Liluah
510,157.84,63.3,24.8,Liluah
511,161.72,63.3,24.8,Liluah
512,165.68,63.1,24.9,Liluah
513,169.7,63.1,24.8,Liluah
514,157.84,63.2,24.8,Liluah
515,161.72,63.2,24.8,Liluah
516,161.72,63.2,24.8,Liluah
517,154.02,63.1,24.8,Liluah
518,157.84,63.1,24.8,Liluah
519,157.84,63.1,24.8,Liluah
520,161.72,63.0,24.8,Liluah
521,165.68,63.0,24.8,Liluah
522,161.72,63.0,24.8,Liluah
523,157.84,63.1,24.8,Liluah
524,157.84,63.2,24.8,Liluah
525,157.84,63.1,24.8,Liluah
526,154.02,63.1,24.8,Liluah
527,150.27,63.1,24.8,Liluah
528,157.84,63.0,24.9,Liluah
529,157.84,62.9,24.8,Liluah
530,157.84,62.9,24.8,Liluah
531,154.02,62.8,24.8,Liluah
532,154.02,62.8,24.8,Liluah
533,157.84,62.6,24.9,Liluah
534,154.02,62.5,25.0,Liluah
535,154.02,62.4,25.1,Liluah
536,154.02,62.4,25.2,Liluah
537,154.02,62.3,25.2,Liluah
538,154.02,62.3,25.2,Liluah
539,150.27,62.2,25.2,Liluah
540,150.27,62.2,25.2,Liluah
541,150.27,62.0,25.2,Liluah
542,154.02,61.8,25.2,Liluah
543,154.02,61.9,25.2,Liluah
544,154.02,62.0,25.2,Liluah
545,154.02,62.0,25.2,Liluah
546,150.27,62.0,25.2,Liluah
547,150.27,62.0,25.2,Liluah
548,150.27,62.0,25.2,Liluah
549,154.02,62.0,25.2,Liluah
550,150.27,61.9,25.2,Liluah
551,150.27,61.9,25.2,Liluah
552,154.02,61.9,25.2,Liluah
553,161.72,61.9,25.2,Liluah
554,135.94,61.9,25.2,Liluah
555,110.27,61.8,25.2,Liluah
556,98.85,59.9,25.2,Liluah
557,107.33,59.1,25.1,Liluah
558,113.27,58.8,25.1,Liluah
559,113.27,58.9,25.1,Liluah
560,113.27,58.7,25.1,Liluah
561,116.33,58.5,25.1,Liluah
562,119.44,58.9,25.2,Liluah
563,122.62,59.4,25.1,Liluah
564,132.51,59.3,25.1,Liluah
565,135.94,59.5,25.2,Liluah
566,142.97,59.6,25.1,Liluah
567,154.02,59.6,25.2,Liluah
568,173.8,59.6,25.2,Liluah
569,150.27,59.7,25.2,Liluah
570,135.94,59.8,25.2,Liluah
571,135.94,59.8,25.2,Liluah
572,146.59,59.8,25.2,Liluah
573,260.75,59.9,25.2,Liluah
574,260.75,59.9,25.2,Liluah
575,233.95,60.2,25.2,Liluah
576,190.92,60.2,25.2,Liluah
577,186.53,60.3,25.2,Liluah
578,204.55,60.3,25.2,Liluah
579,195.38,60.4,25.2,Liluah
580,195.38,60.3,25.2,Liluah
581,173.8,60.3,25.2,Liluah
582,182.21,60.3,25.2,Liluah
583,177.97,60.3,25.2,Liluah
584,195.38,60.4,25.2,Liluah
585,186.53,60.4,25.2,Liluah
586,186.53,60.4,25.2,Liluah
587,182.21,60.4,25.2,Liluah
588,218.88,60.4,25.2,Liluah
589,239.14,60.5,25.2,Liluah
590,209.25,60.5,25.2,Liluah
591,204.55,60.5,25.2,Liluah
592,209.25,60.5,25.2,Liluah
593,260.75,60.5,25.2,Liluah
594,260.75,60.5,25.2,Liluah
595,244.41,60.5,25.2,Liluah
596,239.14,60.5,25.2,Liluah
597,277.89,60.5,25.2,Liluah
598,249.77,60.5,25.2,Liluah
599,289.78,60.5,25.2,Liluah
600,295.87,60.5,25.2,Liluah
601,255.22,60.5,25.2,Liluah
602,249.77,60.6,25.2,Liluah
603,249.77,60.6,25.2,Liluah
604,255.22,60.7,25.2,Liluah
605,239.14,60.6,25.2,Liluah
606,249.77,60.7,25.2,Liluah
607,233.95,60.9,25.2,Liluah
608,272.09,60.9,25.2,Liluah
609,228.84,60.9,25.2,Liluah
610,223.82,60.9,25.2,Liluah
611,209.25,61.0,25.2,Liluah
612,199.93,61.0,25.2,Liluah
613,204.55,61.0,25.2,Liluah
614,214.02,61.0,25.2,Liluah
615,218.88,61.1,25.2,Liluah
616,218.88,61.1,25.2,Liluah
617,223.82,61.1,25.2,Liluah
618,260.75,61.1,25.2,Liluah
619,239.14,61.0,25.2,Liluah
620,277.89,61.1,25.2,Liluah
621,260.75,61.1,25.2,Liluah
622,260.75,61.1,25.2,Liluah
623,244.41,61.1,25.3,Liluah
624,214.02,61.2,25.2,Liluah
625,218.88,61.2,25.2,Liluah
626,209.25,61.2,25.2,Liluah
627,199.93,61.1,25.3,Liluah
628,223.82,61.0,25.3,Liluah
629,209.25,61.2,25.2,Liluah
630,244.41,61.1,25.2,Liluah
631,228.84,61.2,25.2,Liluah
632,228.84,61.2,25.2,Liluah
633,277.89,61.3,25.2,Liluah
634,283.79,61.2,25.2,Liluah
635,289.78,61.2,25.2,Liluah
636,289.78,61.2,25.2,Liluah
637,283.79,61.2,25.2,Liluah
638,239.14,61.0,25.3,Liluah
639,239.14,60.9,25.2,Liluah
640,233.95,61.0,25.2,Liluah
641,244.41,60.9,25.3,Liluah
642,233.95,60.8,25.3,Liluah
643,223.82,60.8,25.3,Liluah
644,289.78,60.8,25.2,Liluah
645,302.05,60.7,25.2,Liluah
646,295.87,60.6,25.3,Liluah
647,289.78,60.5,25.3,Liluah
648,255.22,60.6,25.2,Liluah
649,223.82,60.6,25.2,Liluah
650,218.88,60.6,25.2,Liluah
651,204.55,60.6,25.2,Liluah
652,218.88,60.1,25.3,Liluah
653,244.41,60.1,25.2,Liluah
654,239.14,60.4,25.3,Liluah
655,249.77,60.6,25.2,Liluah
656,239.14,60.6,25.3,Liluah
657,244.41,60.7,25.2,Liluah
658,244.41,60.8,25.2,Liluah
659,277.89,60.7,25.2,Liluah
660,255.22,60.8,25.2,Liluah
661,289.78,60.8,25.2,Liluah
662,255.22,60.8,25.2,Liluah
663,249.77,60.7,25.2,Liluah
664,255.22,60.9,25.2,Liluah
665,266.37,60.7,25.2,Liluah
666,244.41,60.9,25.2,Liluah
667,228.84,60.7,25.3,Liluah
668,272.09,60.7,25.2,Liluah
669,260.75,60.7,25.3,Liluah
670,255.22,60.8,25.2,Liluah
671,260.75,60.8,25.2,Liluah
672,272.09,60.7,25.3,Liluah
673,277.89,60.9,25.2,Liluah
674,272.09,61.0,25.2,Liluah
675,283.79,61.1,25.2,Liluah
676,266.37,61.2,25.2,Liluah
677,277.89,61.1,25.2,Liluah
678,277.89,60.9,25.3,Liluah
679,277.89,60.9,25.3,Liluah
680,277.89,60.9,25.3,Liluah
681,295.87,60.8,25.3,Liluah
682,327.74,60.8,25.3,Liluah
683,302.05,60.9,25.2,Liluah
684,348.07,60.8,25.3,Liluah
685,277.89,60.9,25.2,Liluah
686,302.05,60.8,25.3,Liluah
687,327.74,60.8,25.2,Liluah
688,302.05,60.8,25.2,Liluah
689,308.32,60.8,25.2,Liluah
690,283.79,60.8,25.2,Liluah
691,314.7,60.8,25.2,Liluah
692,283.79,60.8,25.2,Liluah
693,289.78,60.7,25.2,Liluah
694,277.89,60.7,25.2,Liluah
695,277.89,60.7,25.2,Liluah
696,266.37,60.7,25.2,Liluah
697,289.78,60.7,25.2,Liluah
698,266.37,60.6,25.2,Liluah
699,260.75,60.6,25.2,Liluah
700,266.37,60.6,25.2,Liluah
701,289.78,60.6,25.2,Liluah
702,277.89,60.6,25.2,Liluah
703,277.89,60.6,25.2,Liluah
704,302.05,60.5,25.2,Liluah
0,283.79,57.8,22.0,Shibpur
1,98.85,57.8,22.1,Shibpur
2,88.3,57.9,22.0,Shibpur
3,83.34,57.7,22.0,Shibpur
4,85.8,57.8,22.0,Shibpur
5,78.59,58.0,21.8,Shibpur
6,76.28,58.2,21.8,Shibpur
7,71.82,58.4,21.7,Shibpur
8,74.03,58.5,21.6,Shibpur
9,74.03,58.5,21.6,Shibpur
10,98.85,58.6,21.6,Shibpur
11,88.3,58.7,21.6,Shibpur
12,80.94,58.8,21.6,Shibpur
13,80.94,58.8,21.6,Shibpur
14,78.59,58.8,21.6,Shibpur
15,80.94,58.7,21.6,Shibpur
16,80.94,58.8,21.7,Shibpur
17,80.94,58.5,21.6,Shibpur
18,78.59,58.6,21.7,Shibpur
19,76.28,58.5,21.7,Shibpur
20,76.28,58.3,21.7,Shibpur
21,76.28,58.1,21.7,Shibpur
22,76.28,58.3,21.7,Shibpur
23,78.59,58.2,21.7,Shibpur
24,76.28,58.2,21.7,Shibpur
25,74.03,58.2,21.7,Shibpur
26,76.28,58.2,21.7,Shibpur
27,74.03,58.1,21.7,Shibpur
28,76.28,58.2,21.7,Shibpur
29,76.28,58.1,21.7,Shibpur
30,76.28,58.1,21.7,Shibpur
31,78.59,58.2,21.7,Shibpur
32,28.02,58.2,21.7,Shibpur
33,78.59,58.4,21.8,Shibpur
34,83.34,58.2,21.8,Shibpur
35,98.85,58.1,21.9,Shibpur
36,101.62,58.0,21.9,Shibpur
37,101.62,58.1,21.9,Shibpur
38,122.62,58.1,21.9,Shibpur
39,113.27,58.2,21.9,Shibpur
40,110.27,58.1,21.9,Shibpur
41,85.8,58.1,21.9,Shibpur
42,98.85,58.1,21.9,Shibpur
43,93.47,57.9,22.0,Shibpur
44,88.3,57.8,22.0,Shibpur
45,88.3,57.6,22.0,Shibpur
46,110.27,57.6,22.0,Shibpur
47,165.68,57.5,22.0,Shibpur
48,186.53,57.5,22.0,Shibpur
49,204.55,57.3,22.3,Shibpur
50,209.25,57.4,22.1,Shibpur
51,209.25,57.2,22.1,Shibpur
52,209.25,57.4,22.0,Shibpur
53,214.02,57.3,22.1,Shibpur
54,177.97,57.2,22.1,Shibpur
55,161.72,57.3,22.2,Shibpur
56,169.7,57.4,22.1,Shibpur
57,165.68,57.2,22.4,Shibpur
58,169.7,57.1,22.1,Shibpur
59,173.8,57.2,22.0,Shibpur
60,177.97,57.2,22.1,Shibpur
61,182.21,57.1,22.2,Shibpur
62,182.21,57.0,22.4,Shibpur
63,182.21,57.1,22.1,Shibpur
64,182.21,57.1,22.4,Shibpur
65,63.45,57.2,22.2,Shibpur
66,48.82,57.4,22.4,Shibpur
67,45.57,57.2,22.3,Shibpur
68,96.13,57.2,22.5,Shibpur
69,76.28,57.3,22.4,Shibpur
70,80.94,57.3,22.4,Shibpur
71,83.34,57.3,22.4,Shibpur
72,83.34,57.2,22.4,Shibpur
73,80.94,57.2,22.4,Shibpur
74,80.94,57.3,22.4,Shibpur
75,80.94,57.2,22.3,Shibpur
76,78.59,57.2,22.4,Shibpur
77,83.34,57.0,22.3,Shibpur
78,83.34,57.0,22.3,Shibpur
79,85.8,57.0,22.4,Shibpur
80,85.8,57.0,22.4,Shibpur
81,83.34,57.0,22.4,Shibpur
82,90.86,57.0,22.4,Shibpur
83,88.3,57.1,22.4,Shibpur
84,88.3,57.3,22.5,Shibpur
85,85.8,57.4,22.5,Shibpur
86,85.8,57.3,22.5,Shibpur
87,90.86,57.2,22.6,Shibpur
88,96.13,57.4,22.5,Shibpur
89,96.13,57.2,22.6,Shibpur
90,96.13,57.0,22.6,Shibpur
91,96.13,56.9,22.6,Shibpur
92,96.13,56.8,22.6,Shibpur
93,96.13,56.7,22.6,Shibpur
94,93.47,56.7,22.6,Shibpur
95,96.13,56.7,22.6,Shibpur
96,93.47,56.7,22.6,Shibpur
97,96.13,56.6,22.6,Shibpur
98,96.13,56.6,22.7,Shibpur
99,98.85,56.7,22.7,Shibpur
100,101.62,56.6,22.7,Shibpur
101,96.13,56.6,22.6,Shibpur
102,93.47,56.4,22.7,Shibpur
103,93.47,56.3,22.7,Shibpur
104,90.86,56.4,22.7,Shibpur
105,93.47,56.4,22.7,Shibpur
106,96.13,56.5,22.7,Shibpur
107,98.85,56.4,22.7,Shibpur
108,98.85,56.3,22.7,Shibpur
109,98.85,56.2,22.7,Shibpur
110,98.85,56.3,22.7,Shibpur
111,98.85,56.4,22.7,Shibpur
112,96.13,56.4,22.7,Shibpur
113,96.13,56.4,22.7,Shibpur
114,93.47,56.3,22.7,Shibpur
115,96.13,56.2,22.7,Shibpur
116,98.85,56.2,22.7,Shibpur
117,101.62,56.1,22.7,Shibpur
118,104.45,56.0,22.8,Shibpur
119,101.62,55.9,22.9,Shibpur
120,101.62,55.7,22.8,Shibpur
121,101.62,55.8,22.8,Shibpur
122,96.13,55.9,22.9,Shibpur
123,101.62,55.8,22.8,Shibpur
124,113.27,55.7,22.8,Shibpur
125,113.27,55.4,22.8,Shibpur
126,113.27,55.3,22.9,Shibpur
127,113.27,55.3,22.8,Shibpur
128,116.33,55.1,22.9,Shibpur
129,116.33,54.8,22.9,Shibpur
130,116.33,54.3,23.0,Shibpur
131,119.44,54.0,23.0,Shibpur
132,122.62,53.8,23.0,Shibpur
133,129.15,53.5,23.1,Shibpur
134,122.62,53.3,23.1,Shibpur
135,125.86,52.9,23.1,Shibpur
136,113.27,52.6,23.1,Shibpur
137,113.27,52.6,23.1,Shibpur
138,113.27,52.4,23.1,Shibpur
139,113.27,52.2,23.2,Shibpur
140,113.27,52.0,23.1,Shibpur
141,116.33,51.9,23.2,Shibpur
142,116.33,51.6,23.1,Shibpur
143,116.33,51.4,23.2,Shibpur
144,116.33,51.2,23.2,Shibpur
145,116.33,51.1,23.2,Shibpur
146,119.44,50.9,23.2,Shibpur
147,125.86,50.9,23.2,Shibpur
148,122.62,50.6,23.2,Shibpur
149,119.44,50.6,23.2,Shibpur
150,110.27,50.4,23.2,Shibpur
151,107.33,50.3,23.2,Shibpur
152,110.27,50.1,23.2,Shibpur
153,113.27,50.5,23.2,Shibpur
154,110.27,50.1,23.3,Shibpur
155,93.47,50.3,23.2,Shibpur
156,107.33,50.4,23.2,Shibpur
157,107.33,50.5,23.2,Shibpur
158,98.85,50.2,23.3,Shibpur
159,93.47,50.3,23.2,Shibpur
160,90.86,50.4,23.2,Shibpur
161,88.3,50.2,23.2,Shibpur
162,85.8,50.1,23.2,Shibpur
163,83.34,50.1,23.2,Shibpur
164,83.34,50.1,23.3,Shibpur
165,85.8,49.9,23.2,Shibpur
166,85.8,49.7,23.3,Shibpur
167,85.8,49.6,23.3,Shibpur
168,83.34,49.7,23.3,Shibpur
169,83.34,49.5,23.3,Shibpur
170,83.34,49.4,23.4,Shibpur
171,83.34,49.3,23.4,Shibpur
172,85.8,49.3,23.3,Shibpur
173,85.8,49.1,23.3,Shibpur
174,83.34,49.1,23.3,Shibpur
175,83.34,49.3,23.3,Shibpur
176,83.34,49.1,23.3,Shibpur
177,83.34,49.1,23.3,Shibpur
443,17.38,49.2,23.1,Shibpur
444,16.58,49.4,23.0,Shibpur
445,16.58,49.6,23.0,Shibpur
446,16.58,49.8,22.9,Shibpur
447,16.58,49.9,22.9,Shibpur
448,15.8,50.1,22.9,Shibpur
449,16.58,50.1,22.9,Shibpur
450,15.8,50.1,22.9,Shibpur
451,15.8,50.3,22.9,Shibpur
452,15.8,50.3,22.9,Shibpur
453,15.8,50.4,22.8,Shibpur
454,15.05,50.5,22.8,Shibpur
455,15.05,50.7,22.8,Shibpur
456,15.05,51.3,22.8,Shibpur
457,15.05,51.4,22.8,Shibpur
458,15.05,51.3,22.8,Shibpur
459,15.8,51.6,22.8,Shibpur
460,15.8,51.4,22.8,Shibpur
461,15.05,52.1,22.7,Shibpur
462,15.05,52.7,22.7,Shibpur
463,28.02,53.0,22.7,Shibpur
464,24.77,52.9,22.7,Shibpur
465,25.82,53.0,22.7,Shibpur
466,25.82,53.3,22.7,Shibpur
467,26.9,53.8,22.7,Shibpur
468,28.02,53.7,22.7,Shibpur
469,29.16,54.2,22.7,Shibpur
470,30.34,54.8,22.6,Shibpur
471,31.55,54.1,22.6,Shibpur
472,32.8,54.8,22.6,Shibpur
473,31.55,54.9,22.5,Shibpur
474,30.34,54.6,22.6,Shibpur
475,30.34,55.2,22.5,Shibpur
476,29.16,55.3,22.5,Shibpur
477,29.16,55.1,22.5,Shibpur
478,29.16,55.5,22.5,Shibpur
479,29.16,55.6,22.4,Shibpur
480,30.34,56.0,22.3,Shibpur
481,30.34,55.9,22.3,Shibpur
482,31.55,56.1,22.4,Shibpur
483,31.55,56.5,22.3,Shibpur
484,32.8,56.5,22.3,Shibpur
485,32.8,56.7,22.3,Shibpur
486,32.8,56.8,22.3,Shibpur
487,32.8,56.5,22.3,Shibpur
488,32.8,56.6,22.2,Shibpur
489,32.8,56.8,22.2,Shibpur
490,32.8,56.8,22.2,Shibpur
491,32.8,57.0,22.1,Shibpur
492,34.07,56.9,22.1,Shibpur
493,34.07,56.8,22.1,Shibpur
494,35.39,56.9,22.0,Shibpur
495,35.39,57.0,22.0,Shibpur
496,36.73,57.2,22.0,Shibpur
497,36.73,57.2,22.0,Shibpur
498,38.11,56.9,22.0,Shibpur
499,38.11,57.0,22.0,Shibpur
500,39.53,56.9,22.0,Shibpur
501,40.98,57.0,22.0,Shibpur
502,39.53,57.2,21.9,Shibpur
503,40.98,56.9,21.9,Shibpur
504,44.0,56.9,21.9,Shibpur
505,52.22,57.0,21.9,Shibpur
506,50.5,57.2,21.9,Shibpur
507,48.82,57.3,21.9,Shibpur
508,48.82,57.3,21.8,Shibpur
509,48.82,57.2,21.8,Shibpur
510,48.82,57.4,21.8,Shibpur
511,48.82,57.6,21.8,Shibpur
512,47.17,57.6,21.8,Shibpur
513,47.17,57.6,21.8,Shibpur
514,48.82,57.7,21.7,Shibpur
515,48.82,57.7,21.7,Shibpur
516,48.82,58.1,21.6,Shibpur
517,48.82,57.8,21.6,Shibpur
518,48.82,57.9,21.6,Shibpur
519,48.82,58.0,21.5,Shibpur
520,50.5,58.0,21.6,Shibpur
521,50.5,57.9,21.5,Shibpur
522,50.5,57.8,21.6,Shibpur
523,52.22,58.1,21.5,Shibpur
524,50.5,57.9,21.6,Shibpur
525,50.5,57.9,21.6,Shibpur
526,50.5,57.9,21.6,Shibpur
527,50.5,58.0,21.6,Shibpur
528,50.5,57.9,21.6,Shibpur
529,50.5,57.8,21.5,Shibpur
530,50.5,58.1,21.4,Shibpur
531,50.5,58.0,21.5,Shibpur
532,50.5,58.1,21.5,Shibpur
533,50.5,58.4,21.5,Shibpur
534,50.5,58.4,21.5,Shibpur
535,50.5,58.4,21.5,Shibpur
536,50.5,58.5,21.5,Shibpur
537,50.5,58.5,21.5,Shibpur
538,50.5,58.4,21.5,Shibpur
539,50.5,58.5,21.5,Shibpur
540,50.5,58.5,21.5,Shibpur
541,52.22,58.6,21.4,Shibpur
542,52.22,58.8,21.4,Shibpur
543,53.99,58.9,21.4,Shibpur
544,53.99,58.9,21.4,Shibpur
545,53.99,59.1,21.3,Shibpur
546,55.8,59.2,21.3,Shibpur
547,55.8,59.4,21.3,Shibpur
548,55.8,59.4,21.3,Shibpur
549,61.47,59.4,21.3,Shibpur
550,61.47,59.4,21.3,Shibpur
551,63.45,59.8,21.2,Shibpur
552,63.45,59.9,21.2,Shibpur
553,63.45,59.7,21.1,Shibpur
554,63.45,59.8,21.1,Shibpur
555,63.45,59.9,21.1,Shibpur
556,63.45,60.2,21.0,Shibpur
557,67.54,60.4,21.0,Shibpur
558,67.54,60.5,20.9,Shibpur
559,67.54,60.4,20.9,Shibpur
560,67.54,60.6,20.9,Shibpur
561,65.47,60.7,20.9,Shibpur
562,63.45,60.6,20.9,Shibpur
563,63.45,60.6,20.8,Shibpur
564,63.45,60.6,20.9,Shibpur
565,63.45,60.5,20.8,Shibpur
566,61.47,60.2,20.8,Shibpur
567,59.54,60.0,20.8,Shibpur
568,59.54,59.5,20.7,Shibpur
569,61.47,59.7,20.7,Shibpur
570,61.47,59.9,20.7,Shibpur
571,61.47,59.9,20.8,Shibpur
572,61.47,60.0,20.7,Shibpur
573,63.45,59.9,20.8,Shibpur
574,63.45,60.1,20.8,Shibpur
575,65.47,60.1,20.8,Shibpur
576,63.45,60.2,20.8,Shibpur
577,63.45,60.3,20.8,Shibpur
578,63.45,60.5,20.7,Shibpur
579,61.47,60.6,20.6,Shibpur
580,61.47,61.0,20.7,Shibpur
581,59.54,60.9,20.8,Shibpur
582,61.47,60.9,20.8,Shibpur
583,61.47,61.0,20.7,Shibpur
584,61.47,61.0,20.7,Shibpur
585,61.47,60.9,20.7,Shibpur
586,61.47,60.9,20.7,Shibpur
587,61.47,61.0,20.6,Shibpur
588,63.45,60.9,20.6,Shibpur
589,63.45,61.0,20.6,Shibpur
590,69.66,61.1,20.6,Shibpur
591,76.28,61.1,20.6,Shibpur
592,76.28,61.1,20.6,Shibpur
593,85.8,60.9,20.6,Shibpur
594,80.94,61.0,20.7,Shibpur
595,93.47,61.2,20.6,Shibpur
596,96.13,61.2,20.6,Shibpur
597,110.27,61.0,20.6,Shibpur
598,122.62,60.9,20.7,Shibpur
599,119.44,61.3,20.7,Shibpur
600,129.15,61.0,20.6,Shibpur
601,157.84,61.2,20.6,Shibpur
602,154.02,61.2,20.6,Shibpur
603,135.94,61.5,20.6,Shibpur
604,132.51,61.4,20.6,Shibpur
605,132.51,61.5,20.6,Shibpur
606,132.51,61.6,20.6,Shibpur
607,119.44,61.8,20.5,Shibpur
608,110.27,61.7,20.5,Shibpur
609,104.45,61.7,20.5,Shibpur
610,101.62,61.8,20.5,Shibpur
611,104.45,61.8,20.5,Shibpur
612,104.45,61.9,20.5,Shibpur
613,107.33,61.9,20.6,Shibpur
614,107.33,61.8,20.5,Shibpur
615,107.33,62.0,20.5,Shibpur
616,110.27,62.0,20.6,Shibpur
617,110.27,61.9,20.5,Shibpur
618,110.27,62.0,20.5,Shibpur
619,110.27,62.2,20.5,Shibpur
620,110.27,62.4,20.5,Shibpur
621,110.27,62.4,20.5,Shibpur
622,110.27,62.4,20.5,Shibpur
623,113.27,62.4,20.5,Shibpur
624,113.27,62.4,20.4,Shibpur
625,113.27,62.6,20.4,Shibpur
626,113.27,62.6,20.5,Shibpur
627,116.33,62.4,20.4,Shibpur
628,119.44,62.6,20.5,Shibpur
629,122.62,62.6,20.4,Shibpur
630,135.94,62.7,20.4,Shibpur
631,150.27,62.8,20.4,Shibpur
632,150.27,62.7,20.4,Shibpur
633,139.42,62.8,20.4,Shibpur
634,122.62,62.6,20.4,Shibpur
635,113.27,62.5,20.4,Shibpur
636,110.27,62.2,20.4,Shibpur
637,107.33,62.3,20.4,Shibpur
638,104.45,62.0,20.3,Shibpur
639,107.33,62.0,20.4,Shibpur
640,107.33,62.2,20.4,Shibpur
641,107.33,61.9,20.4,Shibpur
642,104.45,62.1,20.4,Shibpur
643,107.33,62.2,20.5,Shibpur
644,107.33,62.3,20.5,Shibpur
645,107.33,62.3,20.6,Shibpur
646,107.33,62.3,20.6,Shibpur
647,107.33,62.4,20.6,Shibpur
648,107.33,62.5,20.5,Shibpur
649,107.33,62.5,20.5,Shibpur
650,107.33,62.5,20.5,Shibpur
651,107.33,62.4,20.5,Shibpur
652,107.33,62.5,20.4,Shibpur
653,110.27,62.7,20.4,Shibpur
654,129.15,62.8,20.4,Shibpur
655,132.51,62.8,20.4,Shibpur
656,142.97,62.8,20.4,Shibpur
657,119.44,63.0,20.4,Shibpur
658,113.27,63.0,20.4,Shibpur
659,110.27,62.8,20.5,Shibpur
660,110.27,62.9,20.6,Shibpur
661,110.27,62.6,20.8,Shibpur
662,113.27,62.3,20.9,Shibpur
663,113.27,62.0,21.0,Shibpur
664,113.27,61.9,21.1,Shibpur
665,116.33,61.7,21.2,Shibpur
666,125.86,61.5,21.3,Shibpur
667,129.15,61.4,21.3,Shibpur
668,129.15,61.3,21.3,Shibpur
669,132.51,61.3,21.3,Shibpur
670,132.51,61.3,21.4,Shibpur
671,135.94,61.3,21.4,Shibpur
672,139.42,61.3,21.4,Shibpur
673,142.97,61.2,21.4,Shibpur
674,142.97,61.2,21.4,Shibpur
675,150.27,61.2,21.5,Shibpur
676,146.59,61.2,21.5,Shibpur
677,150.27,61.2,21.5,Shibpur
678,150.27,61.2,21.5,Shibpur
679,150.27,61.2,21.5,Shibpur
680,150.27,61.1,21.5,Shibpur
681,150.27,61.0,21.5,Shibpur
682,150.27,60.9,21.6,Shibpur
683,150.27,60.9,21.6,Shibpur
684,150.27,60.9,21.6,Shibpur
685,150.27,61.0,21.7,Shibpur
686,129.15,60.9,21.7,Shibpur
0,260.75,63.6,23.4,Shibpur
1,186.53,63.4,23.4,Shibpur
2,161.72,63.0,23.4,Shibpur
3,139.42,63.0,23.4,Shibpur
4,132.51,63.0,23.3,Shibpur
5,135.94,63.0,23.3,Shibpur
6,139.42,63.2,23.2,Shibpur
7,132.51,63.1,23.2,Shibpur
8,132.51,63.1,23.2,Shibpur
9,135.94,63.1,23.2,Shibpur
10,142.97,63.0,23.1,Shibpur
11,142.97,63.1,23.1,Shibpur
12,129.15,63.0,23.1,Shibpur
13,139.42,63.0,23.2,Shibpur
14,177.97,62.9,23.1,Shibpur
15,177.97,62.8,23.1,Shibpur
16,165.68,62.8,23.1,Shibpur
17,161.72,62.8,23.1,Shibpur
18,157.84,62.8,23.1,Shibpur
19,157.84,62.7,23.1,Shibpur
20,157.84,62.7,23.1,Shibpur
21,150.27,62.7,23.1,Shibpur
22,157.84,62.6,23.2,Shibpur
23,161.72,62.6,23.1,Shibpur
24,157.84,62.5,23.2,Shibpur
25,165.68,62.4,23.2,Shibpur
26,165.68,62.5,23.2,Shibpur
27,165.68,62.6,23.2,Shibpur
28,165.68,62.6,23.2,Shibpur
29,165.68,62.5,23.2,Shibpur
30,169.7,62.5,23.3,Shibpur
31,165.68,62.7,23.2,Shibpur
32,173.8,62.6,23.3,Shibpur
33,169.7,62.8,23.2,Shibpur
34,169.7,62.8,23.2,Shibpur
35,177.97,62.8,23.2,Shibpur
36,177.97,62.8,23.3,Shibpur
37,169.7,62.9,23.2,Shibpur
38,161.72,62.8,23.2,Shibpur
39,165.68,62.7,23.2,Shibpur
40,169.7,62.7,23.2,Shibpur
41,173.8,62.7,23.2,Shibpur
42,173.8,62.6,23.2,Shibpur
43,169.7,62.5,23.3,Shibpur
44,161.72,62.4,23.3,Shibpur
45,161.72,62.5,23.2,Shibpur
46,161.72,62.4,23.2,Shibpur
47,161.72,62.4,23.2,Shibpur
48,157.84,62.3,23.2,Shibpur
49,146.59,62.4,23.2,Shibpur
50,150.27,62.4,23.3,Shibpur
51,150.27,62.1,23.3,Shibpur
52,154.02,62.1,23.4,Shibpur
53,154.02,62.0,23.4,Shibpur
54,161.72,62.0,23.4,Shibpur
55,169.7,62.0,23.4,Shibpur
56,169.7,62.0,23.4,Shibpur
57,169.7,62.0,23.5,Shibpur
58,165.68,61.9,23.4,Shibpur
59,173.8,61.9,23.5,Shibpur
60,173.8,61.9,23.5,Shibpur
61,177.97,61.9,23.5,Shibpur
62,177.97,62.1,23.6,Shibpur
63,182.21,62.2,23.6,Shibpur
64,190.92,62.3,23.7,Shibpur
65,182.21,62.1,23.8,Shibpur
66,182.21,62.0,23.8,Shibpur
67,173.8,61.7,23.8,Shibpur
68,177.97,61.6,23.8,Shibpur
69,173.8,61.6,23.8,Shibpur
70,177.97,61.8,23.7,Shibpur
71,182.21,61.8,23.7,Shibpur
72,186.53,61.9,23.7,Shibpur
73,173.8,62.0,23.7,Shibpur
74,173.8,62.1,23.7,Shibpur
75,169.7,62.1,23.7,Shibpur
76,209.25,62.2,23.6,Shibpur
77,199.93,62.2,23.7,Shibpur
78,218.88,62.3,23.7,Shibpur
79,214.02,62.5,23.8,Shibpur
80,204.55,61.5,23.8,Shibpur
81,199.93,60.9,23.8,Shibpur
82,195.38,60.6,23.8,Shibpur
83,169.7,60.5,23.7,Shibpur
84,165.68,60.4,23.6,Shibpur
85,161.72,60.7,23.6,Shibpur
86,165.68,61.0,23.7,Shibpur
87,186.53,60.6,23.8,Shibpur
88,182.21,60.8,23.8,Shibpur
89,177.97,60.6,23.8,Shibpur
90,150.27,60.5,23.8,Shibpur
91,161.72,60.4,23.8,Shibpur
92,129.15,60.7,23.8,Shibpur
93,125.86,60.9,23.9,Shibpur
94,125.86,60.9,23.9,Shibpur
95,122.62,60.8,24.0,Shibpur
96,104.45,60.5,23.9,Shibpur
97,104.45,60.4,23.9,Shibpur
98,116.33,60.5,23.9,Shibpur
99,119.44,60.5,23.8,Shibpur
100,122.62,61.1,23.8,Shibpur
101,129.15,61.2,23.9,Shibpur
102,135.94,61.0,24.0,Shibpur
103,150.27,60.7,24.0,Shibpur
104,161.72,60.5,24.0,Shibpur
105,161.72,60.4,24.0,Shibpur
106,161.72,60.4,24.0,Shibpur
107,165.68,60.2,23.9,Shibpur
108,161.72,60.1,23.9,Shibpur
109,161.72,59.7,23.9,Shibpur
110,157.84,59.3,23.8,Shibpur
111,157.84,58.9,23.8,Shibpur
112,154.02,58.4,23.8,Shibpur
113,154.02,58.5,23.8,Shibpur
114,150.27,58.5,23.7,Shibpur
115,150.27,58.3,23.7,Shibpur
116,142.97,58.4,23.7,Shibpur
117,142.97,58.0,23.7,Shibpur
118,139.42,57.9,23.7,Shibpur
119,139.42,58.0,23.6,Shibpur
120,135.94,58.0,23.6,Shibpur
121,135.94,57.8,23.6,Shibpur
122,135.94,57.6,23.6,Shibpur
123,135.94,57.5,23.6,Shibpur
124,139.42,57.5,23.6,Shibpur
125,146.59,58.1,23.7,Shibpur
126,146.59,57.6,23.8,Shibpur
127,142.97,57.3,23.7,Shibpur
128,142.97,57.3,23.7,Shibpur
129,142.97,57.4,23.6,Shibpur
130,142.97,57.5,23.7,Shibpur
131,139.42,58.0,23.6,Shibpur
132,142.97,57.5,23.5,Shibpur
133,146.59,57.4,23.6,Shibpur
134,142.97,57.9,23.6,Shibpur
135,146.59,57.9,23.6,Shibpur
136,146.59,57.9,23.6,Shibpur
137,146.59,58.2,23.6,Shibpur
138,146.59,58.0,23.6,Shibpur
139,150.27,58.2,23.6,Shibpur
140,150.27,57.8,23.6,Shibpur
141,154.02,57.9,23.6,Shibpur
142,150.27,57.7,23.6,Shibpur
143,150.27,57.8,23.6,Shibpur
144,150.27,57.5,23.6,Shibpur
145,154.02,57.4,23.6,Shibpur
146,157.84,57.4,23.6,Shibpur
147,161.72,57.9,23.7,Shibpur
148,165.68,57.5,23.8,Shibpur
149,165.68,57.5,23.8,Shibpur
150,165.68,57.3,23.8,Shibpur
151,165.68,56.9,23.7,Shibpur
152,161.72,56.5,23.7,Shibpur
153,154.02,56.4,23.7,Shibpur
154,150.27,56.1,23.7,Shibpur
155,150.27,56.0,23.6,Shibpur
156,150.27,55.8,23.7,Shibpur
157,150.27,56.1,23.7,Shibpur
158,150.27,55.8,23.6,Shibpur
159,150.27,55.8,23.6,Shibpur
160,150.27,55.6,23.6,Shibpur
161,154.02,55.4,23.6,Shibpur
162,157.84,55.5,23.6,Shibpur
163,157.84,55.3,23.6,Shibpur
164,161.72,55.2,23.7,Shibpur
165,161.72,55.0,23.6,Shibpur
166,161.72,55.1,23.6,Shibpur
167,157.84,55.1,23.6,Shibpur
168,157.84,55.1,23.6,Shibpur
169,154.02,55.1,23.6,Shibpur
170,154.02,55.2,23.6,Shibpur
171,154.02,54.8,23.6,Shibpur
172,154.02,54.7,23.6,Shibpur
173,154.02,54.9,23.6,Shibpur
174,154.02,54.8,23.6,Shibpur
175,154.02,54.7,23.6,Shibpur
176,154.02,55.3,23.6,Shibpur
177,154.02,55.5,23.6,Shibpur
178,157.84,55.5,23.6,Shibpur
179,157.84,55.6,23.6,Shibpur
180,161.72,55.6,23.6,Shibpur
181,157.84,55.6,23.6,Shibpur
182,157.84,55.3,23.6,Shibpur
183,154.02,55.1,23.6,Shibpur
184,154.02,54.6,23.6,Shibpur
185,154.02,54.3,23.6,Shibpur
186,154.02,54.1,23.6,Shibpur
187,157.84,54.1,23.6,Shibpur
188,157.84,54.0,23.6,Shibpur
189,157.84,54.0,23.5,Shibpur
190,157.84,54.3,23.5,Shibpur
191,157.84,54.5,23.5,Shibpur
192,157.84,54.5,23.5,Shibpur
193,161.72,53.6,23.6,Shibpur
194,161.72,53.5,23.6,Shibpur
195,157.84,53.6,23.6,Shibpur
196,161.72,53.7,23.6,Shibpur
197,157.84,53.9,23.6,Shibpur
198,161.72,54.0,23.6,Shibpur
199,161.72,53.9,23.6,Shibpur
200,161.72,53.4,23.7,Shibpur
201,157.84,52.9,23.6,Shibpur
202,157.84,52.9,23.6,Shibpur
203,161.72,53.1,23.6,Shibpur
204,161.72,53.1,23.6,Shibpur
205,154.02,53.1,23.6,Shibpur
206,157.84,53.2,23.6,Shibpur
207,154.02,52.9,23.6,Shibpur
208,150.27,52.9,23.7,Shibpur
209,150.27,52.7,23.7,Shibpur
210,150.27,52.9,23.7,Shibpur
211,150.27,52.2,23.6,Shibpur
212,150.27,52.5,23.7,Shibpur
213,154.02,52.4,23.8,Shibpur
214,154.02,52.3,23.8,Shibpur
215,154.02,52.3,23.8,Shibpur
216,150.27,52.2,23.8,Shibpur
217,135.94,52.1,23.8,Shibpur
218,122.62,52.3,23.8,Shibpur
219,119.44,52.3,23.7,Shibpur
220,119.44,52.3,23.8,Shibpur
221,122.62,52.2,23.7,Shibpur
222,122.62,52.1,23.7,Shibpur
223,132.51,52.1,23.8,Shibpur
224,132.51,52.2,23.7,Shibpur
225,135.94,52.1,23.7,Shibpur
226,139.42,52.1,23.7,Shibpur
227,142.97,52.0,23.7,Shibpur
228,142.97,52.0,23.7,Shibpur
229,135.94,52.0,23.8,Shibpur
230,132.51,52.0,23.8,Shibpur
231,129.15,52.1,23.7,Shibpur
232,135.94,52.0,23.7,Shibpur
233,132.51,52.1,23.7,Shibpur
234,132.51,52.0,23.7,Shibpur
235,129.15,51.7,23.7,Shibpur
236,125.86,51.8,23.8,Shibpur
237,132.51,51.8,23.7,Shibpur
238,132.51,51.7,23.8,Shibpur
239,135.94,51.7,23.8,Shibpur
240,135.94,51.7,23.7,Shibpur
241,135.94,51.9,23.8,Shibpur
242,132.51,51.8,23.8,Shibpur
243,132.51,52.1,23.8,Shibpur
244,132.51,51.8,23.8,Shibpur
245,132.51,51.7,23.8,Shibpur
246,135.94,51.5,23.8,Shibpur
247,135.94,51.5,23.8,Shibpur
248,135.94,51.4,23.8,Shibpur
249,135.94,51.5,23.7,Shibpur
250,135.94,51.5,23.7,Shibpur
251,135.94,51.4,23.7,Shibpur
252,129.15,51.3,23.7,Shibpur
253,132.51,51.1,23.8,Shibpur
254,132.51,51.2,23.8,Shibpur
255,132.51,51.1,23.8,Shibpur
256,132.51,51.3,23.7,Shibpur
257,132.51,51.2,23.8,Shibpur
258,132.51,51.3,23.8,Shibpur
259,132.51,51.3,23.8,Shibpur
260,135.94,51.3,23.8,Shibpur
261,135.94,51.2,23.8,Shibpur
262,135.94,51.2,23.8,Shibpur
263,135.94,51.3,23.8,Shibpur
264,139.42,51.2,23.8,Shibpur
265,139.42,51.3,23.7,Shibpur
266,139.42,51.1,23.7,Shibpur
267,139.42,51.2,23.8,Shibpur
268,139.42,51.1,23.8,Shibpur
269,142.97,51.0,23.8,Shibpur
270,154.02,51.0,23.8,Shibpur
271,157.84,51.0,23.7,Shibpur
272,161.72,50.9,23.8,Shibpur
273,161.72,50.9,23.8,Shibpur
274,157.84,51.1,23.8,Shibpur
275,157.84,51.1,23.8,Shibpur
276,157.84,51.1,23.8,Shibpur
277,154.02,50.8,23.8,Shibpur
278,154.02,50.9,23.8,Shibpur
279,150.27,51.1,23.7,Shibpur
280,150.27,50.9,23.8,Shibpur
281,150.27,50.9,23.8,Shibpur
282,150.27,51.0,23.8,Shibpur
283,150.27,51.1,23.8,Shibpur
284,150.27,51.0,23.8,Shibpur
285,150.27,51.0,23.8,Shibpur
286,150.27,51.0,23.8,Shibpur
287,146.59,50.9,23.8,Shibpur
288,150.27,50.9,23.8,Shibpur
289,150.27,51.1,23.8,Shibpur
290,150.27,51.1,23.8,Shibpur
291,150.27,51.3,23.8,Shibpur
292,150.27,51.2,23.8,Shibpur
293,150.27,51.3,23.8,Shibpur
294,150.27,51.5,23.8,Shibpur
295,150.27,51.2,23.8,Shibpur
296,146.59,51.1,23.8,Shibpur
297,146.59,51.1,23.8,Shibpur
298,146.59,51.2,23.8,Shibpur
299,146.59,51.1,23.8,Shibpur
300,150.27,51.2,23.8,Shibpur
301,150.27,51.1,23.8,Shibpur
302,154.02,51.0,23.8,Shibpur
303,154.02,51.0,23.8,Shibpur
304,157.84,50.9,23.8,Shibpur
305,157.84,50.7,23.8,Shibpur
306,157.84,50.7,23.8,Shibpur
307,161.72,50.7,23.8,Shibpur
308,161.72,50.6,23.8,Shibpur
309,161.72,50.5,23.8,Shibpur
310,161.72,50.6,23.8,Shibpur
311,161.72,50.5,23.8,Shibpur
312,157.84,50.5,23.8,Shibpur
313,157.84,50.6,23.8,Shibpur
314,157.84,50.6,23.8,Shibpur
315,161.72,50.5,23.8,Shibpur
316,161.72,50.8,23.8,Shibpur
317,157.84,50.7,23.8,Shibpur
318,157.84,50.6,23.8,Shibpur
319,161.72,50.6,23.8,Shibpur
320,161.72,50.6,23.8,Shibpur
321,157.84,50.6,23.8,Shibpur
322,157.84,50.6,23.8,Shibpur
323,157.84,50.6,23.8,Shibpur
324,157.84,50.5,23.8,Shibpur
325,157.84,50.5,23.8,Shibpur
326,157.84,50.5,23.8,Shibpur
327,161.72,50.6,23.7,Shibpur
328,157.84,50.5,23.8,Shibpur
329,161.72,50.5,23.8,Shibpur
330,157.84,50.5,23.8,Shibpur
331,161.72,50.4,23.8,Shibpur
332,161.72,50.3,23.8,Shibpur
333,161.72,50.3,23.8,Shibpur
334,161.72,50.2,23.8,Shibpur
335,165.68,50.2,23.8,Shibpur
336,165.68,50.2,23.8,Shibpur
337,165.68,50.3,23.8,Shibpur
338,165.68,50.2,23.8,Shibpur
339,165.68,50.2,23.8,Shibpur
340,165.68,50.2,23.8,Shibpur
341,165.68,50.1,23.8,Shibpur
342,165.68,50.1,23.8,Shibpur
343,165.68,50.0,23.8,Shibpur
344,165.68,49.8,23.8,Shibpur
345,165.68,49.8,23.8,Shibpur
346,169.7,49.8,23.8,Shibpur
347,165.68,50.0,23.8,Shibpur
348,165.68,50.0,23.8,Shibpur
349,165.68,50.2,23.8,Shibpur
350,169.7,50.3,23.8,Shibpur
351,169.7,50.6,23.8,Shibpur
352,169.7,50.7,23.8,Shibpur
353,173.8,51.1,23.8,Shibpur
354,173.8,50.9,23.8,Shibpur
355,173.8,50.7,23.8,Shibpur
356,173.8,50.6,23.8,Shibpur
357,177.97,50.6,23.8,Shibpur
358,182.21,50.6,23.8,Shibpur
359,186.53,50.6,23.8,Shibpur
360,186.53,50.6,23.8,Shibpur
361,190.92,50.6,23.8,Shibpur
362,190.92,50.6,23.8,Shibpur
363,190.92,50.7,23.8,Shibpur
364,190.92,50.6,23.8,Shibpur
365,190.92,50.6,23.8,Shibpur
366,190.92,50.6,23.8,Shibpur
367,190.92,50.6,23.8,Shibpur
368,195.38,50.6,23.8,Shibpur
369,195.38,50.6,23.8,Shibpur
370,195.38,50.6,23.8,Shibpur
371,195.38,50.6,23.8,Shibpur
372,195.38,50.7,23.8,Shibpur
373,199.93,50.6,23.8,Shibpur
374,199.93,50.6,23.8,Shibpur
375,204.55,50.7,23.8,Shibpur
376,249.77,50.7,23.8,Shibpur
421,376.64,55.1,24.0,Shibpur
422,362.14,55.2,23.9,Shibpur
423,355.05,55.4,23.8,Shibpur
424,334.42,55.5,23.8,Shibpur
425,327.74,55.6,23.8,Shibpur
426,302.05,55.8,23.7,Shibpur
427,295.87,55.9,23.7,Shibpur
428,289.78,55.9,23.7,Shibpur
429,283.79,55.9,23.6,Shibpur
430,277.89,56.0,23.6,Shibpur
431,266.37,55.9,23.6,Shibpur
432,266.37,55.9,23.6,Shibpur
433,260.75,55.9,23.6,Shibpur
434,260.75,55.9,23.6,Shibpur
435,260.75,56.0,23.6,Shibpur
436,255.22,56.0,23.6,Shibpur
437,249.77,56.3,23.6,Shibpur
438,244.41,56.3,23.6,Shibpur
439,228.84,56.4,23.5,Shibpur
440,228.84,56.5,23.4,Shibpur
441,228.84,56.6,23.5,Shibpur
442,239.14,56.6,23.4,Shibpur
443,218.88,56.6,23.4,Shibpur
444,214.02,56.6,23.4,Shibpur
445,209.25,56.6,23.4,Shibpur
446,204.55,56.7,23.4,Shibpur
447,204.55,56.7,23.4,Shibpur
448,204.55,56.8,23.4,Shibpur
449,204.55,56.8,23.4,Shibpur
450,204.55,56.9,23.4,Shibpur
451,204.55,56.9,23.3,Shibpur
452,204.55,56.9,23.3,Shibpur
453,214.02,57.1,23.3,Shibpur
454,214.02,57.1,23.3,Shibpur
455,214.02,57.3,23.3,Shibpur
456,214.02,57.4,23.3,Shibpur
457,228.84,57.5,23.3,Shibpur
458,239.14,57.5,23.3,Shibpur
459,239.14,57.7,23.2,Shibpur
460,255.22,57.7,23.3,Shibpur
461,289.78,57.6,23.3,Shibpur
462,277.89,57.6,23.3,Shibpur
463,272.09,57.7,23.3,Shibpur
464,266.37,57.8,23.3,Shibpur
465,260.75,57.9,23.3,Shibpur
466,272.09,58.0,23.2,Shibpur
467,272.09,58.1,23.2,Shibpur
468,277.89,58.1,23.2,Shibpur
469,277.89,58.2,23.2,Shibpur
470,277.89,58.3,23.2,Shibpur
471,283.79,58.4,23.2,Shibpur
472,277.89,58.4,23.2,Shibpur
473,283.79,58.5,23.2,Shibpur
474,277.89,58.6,23.2,Shibpur
475,277.89,58.6,23.2,Shibpur
476,266.37,58.7,23.2,Shibpur
477,272.09,58.8,23.2,Shibpur
478,260.75,58.8,23.2,Shibpur
479,266.37,58.8,23.2,Shibpur
480,272.09,58.8,23.1,Shibpur
481,266.37,58.8,23.1,Shibpur
482,266.37,58.9,23.1,Shibpur
483,272.09,58.9,23.1,Shibpur
484,272.09,59.1,23.0,Shibpur
485,272.09,59.2,23.0,Shibpur
486,277.89,59.2,23.0,Shibpur
487,283.79,59.1,23.1,Shibpur
488,277.89,59.3,23.0,Shibpur
489,277.89,59.3,23.0,Shibpur
490,266.37,59.3,23.0,Shibpur
491,266.37,59.3,23.0,Shibpur
492,277.89,59.2,23.1,Shibpur
493,277.89,59.3,23.0,Shibpur
494,266.37,59.3,23.0,Shibpur
495,272.09,59.4,23.0,Shibpur
496,272.09,59.3,23.0,Shibpur
497,272.09,59.4,23.0,Shibpur
498,277.89,59.4,23.0,Shibpur
499,277.89,59.5,23.0,Shibpur
500,277.89,59.5,23.0,Shibpur
501,266.37,59.6,23.0,Shibpur
502,272.09,59.7,23.0,Shibpur
503,266.37,60.0,23.0,Shibpur
504,266.37,59.7,23.0,Shibpur
505,272.09,59.6,22.9,Shibpur
506,277.89,59.8,22.9,Shibpur
507,289.78,59.8,22.9,Shibpur
508,295.87,59.8,22.9,Shibpur
509,302.05,59.7,23.0,Shibpur
510,308.32,59.6,23.2,Shibpur
511,314.7,59.5,23.2,Shibpur
512,314.7,59.4,23.2,Shibpur
513,314.7,59.4,23.2,Shibpur
514,314.7,59.5,23.2,Shibpur
515,308.32,59.5,23.2,Shibpur
516,308.32,59.5,23.2,Shibpur
517,308.32,59.6,23.2,Shibpur
518,314.7,59.6,23.2,Shibpur
519,314.7,59.7,23.2,Shibpur
520,321.17,59.7,23.2,Shibpur
521,327.74,60.0,23.3,Shibpur
522,327.74,59.9,23.3,Shibpur
523,334.42,59.8,23.3,Shibpur
524,341.19,59.8,23.3,Shibpur
525,341.19,59.8,23.3,Shibpur
526,341.19,59.8,23.3,Shibpur
527,334.42,59.9,23.3,Shibpur
528,334.42,59.9,23.3,Shibpur
529,334.42,59.9,23.3,Shibpur
530,334.42,59.9,23.3,Shibpur
531,327.74,59.9,23.3,Shibpur
532,334.42,59.9,23.3,Shibpur
533,334.42,59.9,23.3,Shibpur
534,327.74,59.9,23.3,Shibpur
535,327.74,59.9,23.3,Shibpur
536,321.17,60.1,23.2,Shibpur
537,314.7,60.0,23.3,Shibpur
538,334.42,60.1,23.2,Shibpur
539,348.07,60.1,23.2,Shibpur
540,355.05,60.1,23.3,Shibpur
541,348.07,60.1,23.3,Shibpur
542,348.07,60.1,23.3,Shibpur
543,348.07,60.1,23.3,Shibpur
544,348.07,60.2,23.3,Shibpur
545,348.07,60.2,23.3,Shibpur
546,369.34,60.3,23.3,Shibpur
547,399.21,60.3,23.3,Shibpur
552,399.21,60.4,23.3,Shibpur
553,399.21,60.5,23.2,Shibpur
554,391.58,60.5,23.2,Shibpur
555,384.05,60.5,23.2,Shibpur
556,384.05,60.5,23.2,Shibpur
557,384.05,60.7,23.3,Shibpur
558,384.05,60.5,23.3,Shibpur
559,384.05,60.5,23.3,Shibpur
560,399.21,60.8,23.4,Shibpur
561,376.64,60.4,23.4,Shibpur
562,362.14,60.4,23.2,Shibpur
563,348.07,60.4,23.1,Shibpur
564,348.07,60.7,23.1,Shibpur
565,327.74,60.8,23.0,Shibpur
566,321.17,60.7,23.0,Shibpur
571,391.58,60.6,23.0,Shibpur
572,355.05,60.6,23.0,Shibpur
573,334.42,60.6,23.0,Shibpur
574,327.74,60.6,22.9,Shibpur
575,327.74,60.6,22.9,Shibpur
576,314.7,60.7,22.9,Shibpur
577,308.32,60.7,22.9,Shibpur
578,302.05,60.8,22.9,Shibpur
579,321.17,60.9,22.9,Shibpur
580,376.64,61.1,23.0,Shibpur
581,399.21,61.0,23.0,Shibpur
594,391.58,60.6,23.1,Shibpur
595,391.58,60.7,23.2,Shibpur
596,391.58,60.7,23.1,Shibpur
600,399.21,60.7,23.1,Shibpur
601,384.05,60.7,23.1,Shibpur
602,376.64,60.7,23.2,Shibpur
603,376.64,60.7,23.1,Shibpur
604,362.14,60.7,23.1,Shibpur
605,376.64,60.8,23.1,Shibpur
606,376.64,61.0,23.2,Shibpur
607,362.14,60.7,23.2,Shibpur
608,362.14,60.7,23.2,Shibpur
609,362.14,60.7,23.2,Shibpur
610,362.14,60.7,23.2,Shibpur
611,369.34,60.6,23.3,Shibpur
612,362.14,60.8,23.2,Shibpur
613,362.14,60.8,23.2,Shibpur
614,362.14,60.8,23.2,Shibpur
615,369.34,60.8,23.2,Shibpur
616,362.14,60.8,23.2,Shibpur
617,362.14,60.9,23.2,Shibpur
618,362.14,60.9,23.2,Shibpur
619,362.14,60.9,23.2,Shibpur
620,355.05,60.9,23.2,Shibpur
621,355.05,60.8,23.3,Shibpur
622,348.07,60.9,23.3,Shibpur
623,348.07,60.9,23.3,Shibpur
624,348.07,60.9,23.3,Shibpur
625,348.07,60.9,23.3,Shibpur
626,341.19,61.0,23.2,Shibpur
627,341.19,60.9,23.3,Shibpur
628,341.19,60.9,23.3,Shibpur
629,341.19,60.9,23.3,Shibpur
630,334.42,61.3,23.3,Shibpur
631,362.14,61.0,23.3,Shibpur
632,369.34,60.9,23.2,Shibpur
633,376.64,60.9,23.1,Shibpur
641,391.58,61.4,23.1,Shibpur
643,399.21,61.4,23.1,Shibpur
644,384.05,61.4,23.2,Shibpur
645,391.58,61.4,23.2,Shibpur
646,384.05,61.4,23.2,Shibpur
647,384.05,61.4,23.2,Shibpur
648,384.05,61.4,23.2,Shibpur
649,384.05,61.4,23.2,Shibpur
650,384.05,61.4,23.2,Shibpur
666,195.38,61.0,23.4,Shibpur
667,173.8,61.1,23.3,Shibpur
668,154.02,61.3,23.3,Shibpur
669,165.68,61.3,23.2,Shibpur
670,161.72,61.3,23.2,Shibpur
671,154.02,61.5,23.2,Shibpur
672,150.27,61.6,23.2,Shibpur
673,150.27,61.7,23.2,Shibpur
674,154.02,61.4,23.2,Shibpur
675,154.02,61.4,23.2,Shibpur
676,150.27,61.3,23.3,Shibpur
677,150.27,61.2,23.2,Shibpur
678,146.59,61.1,23.2,Shibpur
